id,montant,categorie,date
F1000,2527,Deplacements,2025-07-03
F1001,422092,Logistique,2025-07-27
F1002,90677.02,Consulting,2025-01-01
F1003,483058.33,Services,2025-03-16
F1004,454684.51,Fournitures,2025-05-02
F1005,1.49,Fournitures,2025-09-23
F1006,184469.77,Materiel,2025-10-20
F1007,2.31,Logistique,2025-07-15
F1008,14.52,Consulting,2025-01-27
F1009,37562.03,Services,2025-01-11
F1010,12112.82,Materiel,2025-11-09
F1011,45666.19,Materiel,2025-10-21
F1012,1.61,Deplacements,2025-02-28
F1013,5685.82,Deplacements,2025-04-27
F1014,31860.01,Deplacements,2025-11-13
F1015,1515.37,Services,2025-06-02
F1016,1868.74,Deplacements,2025-04-26
F1017,61468.32,Logistique,2025-05-18
F1018,12266.27,Logistique,2025-05-07
F1019,1860.68,Services,2025-02-05
F1020,2342.68,Marketing,2025-06-27
F1021,48,Marketing,2025-02-03
F1022,24829.82,Services,2025-02-18
F1023,70004.9,Logistique,2025-08-03
F1024,205419.7,Services,2025-06-09
F1025,174.84,Logistique,2025-09-26
F1026,20.9,Services,2025-08-03
F1027,1,Services,2025-10-05
F1028,23296.26,Marketing,2025-05-24
F1029,798.66,Services,2025-04-24
F1030,64122.03,Services,2025-08-23
F1031,2.16,Consulting,2025-09-28
F1032,359.7,Services,2025-11-24
F1033,43.88,Services,2025-06-28
F1034,26025.71,Deplacements,2025-01-02
F1035,251.19,Fournitures,2025-13-27
F1036,38.24,Logistique,2025-08-22
F1037,132387.74,Materiel,2025-12-21
F1038,29.04,Services,2025-07-14
F1039,176.68,Materiel,2025-07-18
F1040,239770.52,Materiel,2025-07-17
F1041,164151.25,Deplacements,2025-08-19
F1042,115978.59,Marketing,2025-05-13
F1043,17398.9,Consulting,2025-11-13
F1044,10.66,Services,2025-05-14
F1045,1.91,Fournitures,2025-09-19
F1046,44385.92,Services,2025-07-07
F1047,42.34,Services,2025-08-25
F1048,4606.33,Consulting,2025-12-26
F1049,24.94,Logistique,2025-02-17
F1050,49234.55,Deplacements,2025-04-03
F1051,8942.29,Fournitures,2025-11-02
F1052,105.73,Services,2025-08-01
F1053,497.27,Marketing,2025-12-06
F1054,364.53,Consulting,2025-01-01
F1055,2144.63,Logistique,2025-03-05
F1056,2912.46,Materiel,2025-08-19
F1057,1.96,Consulting,2025-06-07
F1058,295.82,Materiel,2025-10-25
F1059,7.89,Consulting,2025-04-08
F1060,3.59,Services,2025-01-25
F1061,22186.83,Materiel,2025-08-17
F1062,1.18,Deplacements,2025-10-19
F1063,339.3,Services,2025-03-26
F1064,8.19,Logistique,2025-08-18
F1065,59.55,Logistique,2025-02-19
F1066,73944.55,Fournitures,2025-13-27
F1067,6.27,Services,2025-02-06
F1068,8609.48,Marketing,2025-09-25
F1069,1.51,Fournitures,2025-01-02
F1070,4.85,Marketing,2025-01-24
F1071,419210.68,Deplacements,2025-02-01
F1072,16.27,Deplacements,2025-06-04
F1073,841.79,Consulting,2025-09-09
F1074,2524.68,Services,2025-04-21
F1075,33217.28,Materiel,2025-07-15
F1076,3.13,Materiel,2025-10-21
F1077,2.18,Fournitures,2025-04-06
F1078,18.04,Services,2025-08-10
F1079,1490.61,Materiel,2025-07-03
F1080,79923.18,Marketing,2025-02-21
F1081,4691.24,Marketing,2025-07-27
F1082,26189.12,Consulting,2025-08-04
F1083,8442.14,Consulting,2025-05-09
F1084,168864.65,Marketing,2025-11-14
F1085,290767.93,Consulting,2025-11-10
F1086,1328.83,Fournitures,2025-09-07
F1087,2.97,Logistique,2025-01-14
F1088,276525.26,Fournitures,2025-11-04
F1089,63046.54,Fournitures,2025-06-21
F1090,3.97,Marketing,2025-01-20
F1091,88.99,Services,2025-06-16
F1092,28905.57,Materiel,2025-12-03
F1093,116.56,Materiel,2025-07-03
F1094,826.06,Fournitures,2025-08-15
F1095,1004.52,Fournitures,2025-04-16
F1096,1.14,Services,2025-04-05
F1097,54.82,Marketing,2025-13-25
F1098,1056.32,Logistique,2025-12-25
F1099,204506.56,Consulting,2025-07-10
F1100,16978.53,Fournitures,2025-02-01
F1101,495.41,Consulting,2025-08-15
F1102,1.3,Services,2025-10-24
F1103,29701.44,Materiel,2025-10-10
F1104,213.57,Fournitures,2025-03-25
F1105,6587.99,Logistique,2025-06-25
F1106,3296.26,Services,2025-04-24
F1107,1.19,Consulting,2025-12-08
F1108,3.64,Deplacements,2025-05-11
F1109,24389.56,Consulting,2025-02-15
F1110,15.23,Fournitures,2025-09-25
F1111,63.95,Marketing,2025-12-24
F1112,25.7,Logistique,2025-13-25
F1113,315706.91,Logistique,2025-09-28
F1114,2074.84,Materiel,2025-08-11
F1115,1315.39,Materiel,2025-07-21
F1116,4.06,Services,2025-13-01
F1117,81888.2,Consulting,2025-09-17
F1118,7,Logistique,2025-04-16
F1119,463964.3,Logistique,2025-03-18
F1120,259120.37,Marketing,2025-03-09
F1121,19769.67,Fournitures,2025-01-17
F1122,112.18,Logistique,2025-10-17
F1123,5.22,Logistique,2025-08-27
F1124,1335.75,Services,2025-07-14
F1125,132.38,Services,2025-09-20
F1126,49.01,Fournitures,2025-02-13
F1127,64059.92,Marketing,2025-11-02
F1128,97717.23,Consulting,2025-03-16
F1129,293535.71,Services,2025-06-01
F1130,52.39,Logistique,2025-02-09
F1131,3.12,Marketing,2025-03-07
F1132,281042.99,Logistique,2025-09-27
F1133,2.18,Logistique,2025-06-01
F1134,12.32,Fournitures,2025-08-11
F1135,2.35,Logistique,2025-11-06
F1136,5659.53,Marketing,2025-02-21
F1137,19.47,Fournitures,2025-02-12
F1138,1.05,Fournitures,2025-07-12
F1139,4.24,Marketing,2025-01-15
F1140,145946.98,Services,2025-05-12
F1141,4.27,Consulting,2025-10-25
F1142,1.14,Marketing,2025-11-26
F1143,11.56,Services,2025-12-03
F1144,330747.61,Marketing,2025-10-26
F1145,2908.71,Materiel,2025-09-21
F1146,6833.4,Deplacements,2025-10-11
F1147,6.9,Deplacements,2025-12-24
F1148,200713.48,Deplacements,2025-03-05
F1149,66.57,Marketing,2025-09-04
F1150,152.16,Logistique,2025-11-20
F1151,2827.81,Consulting,2025-09-24
F1152,485.78,Fournitures,2025-12-24
F1153,196.33,Deplacements,2025-02-20
F1154,40.13,Materiel,2025-12-23
F1155,2388.98,Logistique,2025-10-07
F1156,31.05,Consulting,2025-07-06
F1157,217.53,Fournitures,2025-04-08
F1158,789.18,Deplacements,2025-09-25
F1159,246384.53,Deplacements,2025-01-09
F1160,179.57,Fournitures,2025-04-23
F1161,2.2,Services,2025-10-19
F1162,8.29,Services,2025-08-24
F1163,8.75,Logistique,2025-12-24
F1164,168780.14,Materiel,2025-05-24
F1165,3233.7,Logistique,2025-09-19
F1166,8441.29,Materiel,2025-01-11
F1167,1.89,Fournitures,2025-05-03
F1168,30.49,Consulting,2025-04-22
F1169,166982.02,Consulting,2025-05-25
F1170,5874.96,Services,2025-04-08
F1171,159247.72,Materiel,2025-07-09
F1172,3599.9,Marketing,2025-05-03
F1173,44.55,Deplacements,2025-13-28
F1174,1.72,Deplacements,2025-10-01
F1175,1.47,Consulting,2025-09-17
F1176,14805.09,Deplacements,2025-01-28
F1177,3147.63,Marketing,2025-02-19
F1178,578.78,Services,2025-04-14
F1179,59480.84,Consulting,2025-04-26
F1180,8.48,Services,2025-01-27
F1181,11706.68,Logistique,2025-09-23
F1182,80.93,Marketing,2025-01-14
F1183,572.31,Marketing,2025-05-18
F1184,1.09,Materiel,2025-05-09
F1185,7.35,Deplacements,2025-07-16
F1186,72.15,Services,2025-05-12
F1187,129.64,Materiel,2025-11-14
F1188,6272.02,Marketing,2025-04-03
F1189,214456.07,Fournitures,2025-02-04
F1190,22970.06,Marketing,2025-09-28
F1191,1.12,Services,2025-09-22
F1192,56.73,Materiel,2025-08-01
F1193,41760.93,Services,2025-07-20
F1194,79.95,Consulting,2025-10-17
F1195,7275.53,Consulting,2025-05-24
F1196,3576.77,Marketing,2025-01-22
F1197,8.23,Fournitures,2025-06-11
F1198,16038.99,Logistique,2025-04-03
F1199,194817.7,Materiel,2025-10-16
F1200,29.04,Deplacements,2025-08-26
F1201,3931.97,Fournitures,2025-10-26
F1202,238.29,Services,2025-07-07
F1203,49.37,Fournitures,2025-01-17
F1204,66.3,Deplacements,2025-05-28
F1205,9.07,Fournitures,2025-06-11
F1206,5.22,Deplacements,2025-05-05
F1207,151.14,Deplacements,2025-09-01
F1208,221.5,Services,2025-09-14
F1209,293274.44,Materiel,2025-03-21
F1210,1284.61,Deplacements,2025-11-03
F1211,4209.94,Materiel,2025-01-14
F1212,12.1,Fournitures,2025-02-11
F1213,437.65,Logistique,2025-10-10
F1214,29745.94,Deplacements,2025-07-17
F1215,622.82,Logistique,2025-01-21
F1216,13.05,Fournitures,2025-02-01
F1217,19957.5,Marketing,2025-10-14
F1218,7227.77,Marketing,2025-04-08
F1219,1.94,Materiel,2025-04-17
F1220,99.7,Services,2025-06-07
F1221,160.67,Logistique,2025-05-21
F1222,209.73,Fournitures,2025-01-05
F1223,388.45,Services,2025-07-05
F1224,944.31,Deplacements,2025-09-07
F1225,4453.53,Deplacements,2025-11-21
F1226,727.9,Services,2025-08-21
F1227,26.47,Marketing,2025-12-26
F1228,1092.76,Deplacements,2025-08-08
F1229,2856.19,Deplacements,2025-07-19
F1230,3038.01,Fournitures,2025-11-05
F1231,1.73,Consulting,2025-11-08
F1232,175.69,Materiel,2025-12-27
F1233,550.7,Deplacements,2025-01-03
F1234,2.81,Marketing,2025-11-27
F1235,4439.2,Consulting,2025-12-03
F1236,175378.68,Logistique,2025-12-15
F1237,15.09,Consulting,2025-02-19
F1238,42779.8,Materiel,2025-07-13
F1239,71746.32,Materiel,2025-03-24
F1240,147.35,Materiel,2025-08-16
F1241,161.07,Consulting,2025-08-07
F1242,6.22,Services,2025-09-20
F1243,401.95,Services,2025-10-12
F1244,51.74,Fournitures,2025-10-15
F1245,10224.26,Fournitures,2025-05-12
F1246,54.92,Consulting,2025-04-09
F1247,55.63,Fournitures,2025-02-09
F1248,7.97,Logistique,2025-09-15
F1249,155.15,Logistique,2025-11-09
F1250,613.26,Materiel,2025-02-28
F1251,2.06,Fournitures,2025-04-07
F1252,1.78,Consulting,2025-12-24
F1253,14.73,Services,2025-05-15
F1254,32304.2,Consulting,2025-08-07
F1255,3.04,Deplacements,2025-10-27
F1256,1128.89,Services,2025-03-23
F1257,220325.77,Materiel,2025-11-08
F1258,73254.43,Consulting,2025-02-03
F1259,45.07,Materiel,2025-05-21
F1260,1.41,Materiel,2025-10-08
F1261,3031.69,Marketing,2025-10-01
F1262,10036.18,Materiel,2025-09-06
F1263,25.06,Fournitures,2025-03-12
F1264,12331.91,Consulting,2025-05-28
F1265,5.36,Consulting,2025-07-15
F1266,10.44,Logistique,2025-07-20
F1267,8633.63,Deplacements,2025-06-16
F1268,327.08,Services,2025-01-02
F1269,26767.55,Logistique,2025-01-01
F1270,53.73,Fournitures,2025-05-23
F1271,7.92,Fournitures,2025-10-09
F1272,18.76,Consulting,2025-03-08
F1273,13871.28,Deplacements,2025-07-15
F1274,47667.28,Logistique,2025-04-02
F1275,111.44,Materiel,2025-11-18
F1276,2.96,Consulting,2025-02-14
F1277,286927.85,Logistique,2025-09-05
F1278,13840.7,Marketing,2025-08-05
F1279,59217.55,Services,2025-08-04
F1280,11.6,Materiel,2025-08-20
F1281,12277.69,Deplacements,2025-04-09
F1282,2.06,Marketing,2025-09-27
F1283,162.39,Fournitures,2025-10-10
F1284,17425.52,Marketing,2025-13-28
F1285,150216.08,Materiel,2025-06-12
F1286,422.63,Services,2025-07-20
F1287,95.49,Materiel,2025-07-07
F1288,19.79,Consulting,2025-07-27
F1289,1048.79,Deplacements,2025-06-04
F1290,13220.68,Consulting,2025-04-20
F1291,29993.82,Services,2025-08-12
F1292,10452.97,Materiel,2025-06-24
F1293,208.49,Services,2025-06-10
F1294,281267.84,Services,2025-04-11
F1295,61945.65,Materiel,2025-03-08
F1296,49.06,Marketing,2025-08-02
F1297,476799.18,Fournitures,2025-12-17
F1298,373.72,Deplacements,2025-06-11
F1299,51.29,Deplacements,2025-11-09
F1300,273.41,Logistique,2025-01-13
F1301,604.23,Materiel,2025-11-18
F1302,9761.85,Marketing,2025-02-24
F1303,405.14,Materiel,2025-11-18
F1304,3.7,Logistique,2025-02-22
F1305,183.49,Deplacements,2025-11-15
F1306,397.12,Logistique,2025-10-19
F1307,7.9,Fournitures,2025-07-28
F1308,282705.43,Deplacements,2025-04-21
F1309,85.41,Logistique,2025-08-11
F1310,8044.53,Marketing,2025-02-20
F1311,5.22,Services,2025-02-03
F1312,116.6,Logistique,2025-01-27
F1313,1.16,Fournitures,2025-02-01
F1314,103821.2,Services,2025-11-10
F1315,1.16,Deplacements,2025-01-14
F1316,5.39,Services,2025-09-17
F1317,435569.07,Logistique,2025-02-26
F1318,6676.26,Marketing,2025-10-02
F1319,447878.99,Deplacements,2025-06-06
F1320,10954.14,Materiel,2025-10-14
F1321,6.66,Logistique,2025-10-27
F1322,42157.97,Materiel,2025-10-06
F1323,180.44,Consulting,2025-08-16
F1324,4224.61,Consulting,2025-07-28
F1325,74622.33,Fournitures,2025-06-21
F1326,3.37,Marketing,2025-12-18
F1327,10254.26,Consulting,2025-09-25
F1328,55.37,Marketing,2025-05-12
F1329,30298.03,Logistique,2025-08-20
F1330,5809.13,Services,2025-10-19
F1331,150.83,Logistique,2025-06-04
F1332,4512.84,Marketing,2025-01-24
F1333,462945.15,Services,2025-13-25
F1334,439.18,Fournitures,2025-12-26
F1335,20.8,Fournitures,2025-06-14
F1336,400974.4,Deplacements,2025-10-16
F1337,792.6,Services,2025-03-22
F1338,80723.88,Services,2025-02-21
F1339,1.14,Materiel,2025-12-02
F1340,817.55,Fournitures,2025-06-10
F1341,966.97,Services,2025-06-08
F1342,1456.33,Fournitures,2025-02-05
F1343,6083.29,Consulting,2025-12-11
F1344,3.27,Deplacements,2025-01-02
F1345,516.82,Consulting,2025-07-05
F1346,72.59,Fournitures,2025-06-11
F1347,395559.58,Consulting,2025-11-20
F1348,1.43,Logistique,2025-07-24
F1349,14.05,Deplacements,2025-02-03
F1350,8067.61,Fournitures,2025-07-04
F1351,1810.17,Deplacements,2025-10-04
F1352,16836.15,Deplacements,2025-12-04
F1353,18697.8,Marketing,2025-06-13
F1354,747.94,Services,2025-13-02
F1355,30.5,Consulting,2025-02-13
F1356,25.55,Marketing,2025-01-24
F1357,994.44,Materiel,2025-04-25
F1358,2.2,Services,2025-06-27
F1359,3342.09,Deplacements,2025-06-17
F1360,22.84,Consulting,2025-06-18
F1361,14.98,Fournitures,2025-10-05
F1362,63.27,Marketing,2025-04-20
F1363,44451.16,Consulting,2025-05-07
F1364,95.17,Logistique,2025-10-18
F1365,454.59,Fournitures,2025-03-28
F1366,966.43,Logistique,2025-10-25
F1367,16.03,Materiel,2025-04-04
F1368,1.92,Logistique,2025-07-09
F1369,12408.18,Deplacements,2025-03-15
F1370,2097.2,Deplacements,2025-06-15
F1371,88.24,Deplacements,2025-12-13
F1372,642.63,Marketing,2025-07-17
F1373,351,Materiel,2025-11-17
F1374,16.29,Fournitures,2025-01-26
F1375,3.74,Marketing,2025-04-21
F1376,6.97,Deplacements,2025-01-02
F1377,8.94,Materiel,2025-10-22
F1378,33.55,Services,2025-02-12
F1379,1223.2,Marketing,2025-06-12
F1380,255.9,Services,2025-09-10
F1381,1528.76,Deplacements,2025-11-28
F1382,31.21,Deplacements,2025-09-07
F1383,254.01,Materiel,2025-09-13
F1384,1.02,Materiel,2025-11-03
F1385,56.32,Deplacements,2025-12-02
F1386,4.99,Consulting,2025-10-26
F1387,22633.69,Services,2025-13-01
F1388,534.77,Marketing,2025-03-21
F1389,18154.32,Consulting,2025-02-09
F1390,35291.99,Materiel,2025-02-06
F1391,68.51,Fournitures,2025-07-06
F1392,13753.24,Materiel,2025-03-24
F1393,484.47,Marketing,2025-06-02
F1394,355477.63,Fournitures,2025-07-17
F1395,21049.28,Consulting,2025-03-06
F1396,20220.97,Marketing,2025-10-19
F1397,161.78,Materiel,2025-01-13
F1398,6981.51,Fournitures,2025-09-18
F1399,4539.23,Services,2025-11-14
F1400,362815.25,Consulting,2025-11-23
F1401,42100.3,Services,2025-03-04
F1402,19310.47,Materiel,2025-06-07
F1403,36.57,Materiel,2025-08-26
F1404,4065.15,Logistique,2025-01-19
F1405,9259.87,Logistique,2025-03-01
F1406,1.05,Materiel,2025-10-19
F1407,292.7,Marketing,2025-03-26
F1408,199745.71,Consulting,2025-04-10
F1409,96776.05,Logistique,2025-08-03
F1410,83.31,Deplacements,2025-04-28
F1411,336391.85,Consulting,2025-13-01
F1412,142.93,Services,2025-01-02
F1413,366.06,Consulting,2025-05-10
F1414,765.22,Consulting,2025-08-15
F1415,41,Deplacements,2025-03-07
F1416,10446.59,Marketing,2025-06-23
F1417,20.34,Services,2025-10-01
F1418,1.47,Materiel,2025-01-16
F1419,161.76,Services,2025-07-21
F1420,4773.93,Consulting,2025-10-01
F1421,140.93,Fournitures,2025-03-22
F1422,113016.2,Materiel,2025-07-06
F1423,1.34,Consulting,2025-04-04
F1424,87253.33,Materiel,2025-09-04
F1425,304077.75,Logistique,2025-10-25
F1426,13985.91,Services,2025-04-03
F1427,25426.91,Services,2025-05-01
F1428,536.58,Logistique,2025-12-11
F1429,790.26,Materiel,2025-02-04
F1430,79.3,Fournitures,2025-07-13
F1431,9373.17,Deplacements,2025-09-22
F1432,3613.61,Logistique,2025-01-15
F1433,96.15,Marketing,2025-01-04
F1434,80.28,Consulting,2025-10-22
F1435,1.13,Deplacements,2025-08-17
F1436,8007.02,Services,2025-05-21
F1437,58811.63,Fournitures,2025-12-12
F1438,174235.1,Marketing,2025-05-10
F1439,6.18,Logistique,2025-09-18
F1440,25320.14,Materiel,2025-03-10
F1441,1.57,Consulting,2025-09-07
F1442,4303.45,Materiel,2025-08-15
F1443,156437.42,Consulting,2025-08-17
F1444,62931.15,Materiel,2025-11-12
F1445,173677.8,Logistique,2025-10-25
F1446,92.05,Materiel,2025-05-11
F1447,64656.27,Logistique,2025-06-03
F1448,45.82,Fournitures,2025-12-05
F1449,178.88,Deplacements,2025-10-11
F1450,10.18,Fournitures,2025-02-05
F1451,6751.28,Deplacements,2025-10-05
F1452,42645.95,Materiel,2025-08-15
F1453,80.41,Deplacements,2025-08-24
F1454,20.83,Materiel,2025-11-27
F1455,38749.58,Logistique,2025-10-01
F1456,5.65,Materiel,2025-09-06
F1457,774.77,Logistique,2025-06-17
F1458,3.32,Consulting,2025-13-27
F1459,4.39,Logistique,2025-01-15
F1460,512.41,Consulting,2025-02-04
F1461,66.01,Fournitures,2025-03-09
F1462,36552.04,Materiel,2025-03-06
F1463,208712.3,Marketing,2025-11-18
F1464,3341.9,Deplacements,2025-07-08
F1465,14622.27,Marketing,2025-10-08
F1466,1.58,Marketing,2025-04-15
F1467,3949.67,Deplacements,2025-08-06
F1468,165.23,Materiel,2025-07-17
F1469,3.01,Fournitures,2025-05-01
F1470,851.48,Consulting,2025-03-25
F1471,347157.14,Deplacements,2025-03-21
F1472,59.85,Marketing,2025-06-04
F1473,1.09,Fournitures,2025-07-13
F1474,12284.99,Fournitures,2025-12-23
F1475,19,Logistique,2025-09-01
F1476,40.74,Services,2025-11-02
F1477,3162.41,Fournitures,2025-02-04
F1478,852.8,Logistique,2025-04-03
F1479,762.25,Logistique,2025-09-23
F1480,8.31,Marketing,2025-09-03
F1481,1112.3,Logistique,2025-07-07
F1482,56.65,Marketing,2025-07-17
F1483,454.88,Services,2025-12-15
F1484,7.33,Consulting,2025-09-18
F1485,139811.92,Services,2025-05-12
F1486,847.74,Consulting,2025-10-20
F1487,167971.79,Fournitures,2025-09-07
F1488,4926.48,Logistique,2025-09-07
F1489,126766.38,Logistique,2025-08-08
F1490,2938.62,Marketing,2025-05-09
F1491,2.59,Services,2025-12-05
F1492,43369.02,Services,2025-03-04
F1493,70.72,Logistique,2025-09-02
F1494,6.25,Services,2025-12-02
F1495,46679.81,Services,2025-09-17
F1496,211591.63,Logistique,2025-05-14
F1497,63999.57,Fournitures,2025-03-06
F1498,1352.92,Fournitures,2025-05-06
F1499,14.88,Consulting,2025-06-04
F1500,7542.75,Consulting,2025-10-15
F1501,438213.26,Logistique,2025-07-27
F1502,1.03,Fournitures,2025-08-18
F1503,1.41,Materiel,2025-06-10
F1504,87965.43,Materiel,2025-05-24
F1505,3.91,Deplacements,2025-09-02
F1506,14940.77,Materiel,2025-09-25
F1507,828.67,Marketing,2025-02-15
F1508,311692.49,Consulting,2025-06-11
F1509,6.18,Deplacements,2025-02-21
F1510,1.59,Fournitures,2025-02-10
F1511,6.39,Services,2025-12-24
F1512,492428.78,Marketing,2025-07-14
F1513,27265.4,Marketing,2025-09-13
F1514,1123.22,Marketing,2025-09-14
F1515,361977.38,Services,2025-04-16
F1516,52151.22,Logistique,2025-11-07
F1517,100.49,Logistique,2025-05-10
F1518,5550.55,Services,2025-11-28
F1519,78394.56,Materiel,2025-10-20
F1520,113120.46,Fournitures,2025-03-14
F1521,3554,Marketing,2025-09-26
F1522,468.99,Marketing,2025-03-22
F1523,8.18,Services,2025-11-01
F1524,15192.05,Fournitures,2025-01-07
F1525,153437.57,Materiel,2025-06-09
F1526,4123.21,Logistique,2025-09-17
F1527,319.02,Materiel,2025-11-05
F1528,105234.06,Marketing,2025-06-15
F1529,300.8,Materiel,2025-05-12
F1530,396.23,Logistique,2025-11-07
F1531,30.78,Fournitures,2025-06-15
F1532,14.1,Deplacements,2025-02-06
F1533,4.24,Consulting,2025-08-12
F1534,199.41,Materiel,2025-01-06
F1535,173780.04,Consulting,2025-02-14
F1536,15615.38,Fournitures,2025-13-02
F1537,5.61,Services,2025-02-15
F1538,4453.69,Consulting,2025-06-04
F1539,1.36,Fournitures,2025-02-01
F1540,18.37,Marketing,2025-02-24
F1541,9.47,Fournitures,2025-05-05
F1542,42.43,Fournitures,2025-07-18
F1543,15169.59,Deplacements,2025-04-18
F1544,17990.31,Logistique,2025-06-22
F1545,259.64,Materiel,2025-07-15
F1546,22.13,Fournitures,2025-08-19
F1547,14.3,Marketing,2025-12-25
F1548,20070.93,Marketing,2025-03-02
F1549,3768.24,Services,2025-09-12
F1550,15745.18,Consulting,2025-03-16
F1551,92930.17,Materiel,2025-02-08
F1552,1324.82,Deplacements,2025-02-15
F1553,30.76,Materiel,2025-05-21
F1554,11184,Deplacements,2025-07-26
F1555,422.7,Deplacements,2025-08-25
F1556,271.55,Services,2025-07-25
F1557,60.53,Marketing,2025-10-11
F1558,74861.66,Marketing,2025-10-20
F1559,1.25,Consulting,2025-03-12
F1560,442762.56,Materiel,2025-04-18
F1561,590.56,Materiel,2025-10-05
F1562,68.26,Deplacements,2025-08-20
F1563,111.94,Marketing,2025-07-12
F1564,246490.93,Consulting,2025-08-09
F1565,875.22,Services,2025-05-16
F1566,26.17,Marketing,2025-09-26
F1567,50.98,Services,2025-12-23
F1568,907.51,Services,2025-10-19
F1569,67431.78,Consulting,2025-02-02
F1570,41.91,Logistique,2025-10-26
F1571,6181.42,Services,2025-08-09
F1572,34.26,Marketing,2025-06-11
F1573,78960.83,Consulting,2025-08-11
F1574,488037.68,Deplacements,2025-07-04
F1575,1.08,Materiel,2025-08-12
F1576,56.6,Services,2025-09-15
F1577,4.23,Materiel,2025-11-08
F1578,10807.46,Services,2025-01-14
F1579,695.92,Services,2025-06-08
F1580,93492.09,Materiel,2025-07-05
F1581,591.96,Services,2025-13-26
F1582,854.7,Fournitures,2025-06-12
F1583,116.68,Materiel,2025-04-13
F1584,1.31,Fournitures,2025-05-21
F1585,13213.95,Logistique,2025-01-06
F1586,202.76,Fournitures,2025-03-14
F1587,1616.83,Deplacements,2025-07-28
F1588,30.96,Logistique,2025-11-13
F1589,4.42,Deplacements,2025-09-13
F1590,489.86,Marketing,2025-02-20
F1591,1.07,Fournitures,2025-05-15
F1592,9875.29,Deplacements,2025-11-03
F1593,108091.25,Materiel,2025-12-10
F1594,8392.16,Consulting,2025-02-20
F1595,1.39,Materiel,2025-12-11
F1596,408.81,Services,2025-11-02
F1597,5.56,Materiel,2025-02-28
F1598,198.01,Services,2025-08-15
F1599,617.2,Deplacements,2025-11-24
F1600,18666.8,Materiel,2025-08-20
F1601,30.84,Deplacements,2025-02-17
F1602,201935.5,Deplacements,2025-07-17
F1603,5397.13,Deplacements,2025-12-07
F1604,15847.8,Consulting,2025-12-24
F1605,378.94,Logistique,2025-07-22
F1606,16107.93,Materiel,2025-08-15
F1607,383.64,Consulting,2025-10-04
F1608,284.79,Logistique,2025-07-19
F1609,111.06,Materiel,2025-10-21
F1610,7035.58,Services,2025-08-27
F1611,953.09,Materiel,2025-06-09
F1612,3.21,Marketing,2025-06-25
F1613,683.07,Materiel,2025-07-23
F1614,5948.13,Fournitures,2025-03-02
F1615,332.63,Materiel,2025-10-20
F1616,65462.91,Fournitures,2025-02-03
F1617,2.14,Marketing,2025-04-18
F1618,2.28,Services,2025-06-02
F1619,3.1,Materiel,2025-05-10
F1620,8593.66,Services,2025-08-25
F1621,22401.98,Fournitures,2025-09-12
F1622,24021.3,Logistique,2025-10-19
F1623,7.14,Logistique,2025-06-20
F1624,3535.13,Services,2025-08-18
F1625,132.45,Logistique,2025-12-24
F1626,4.56,Materiel,2025-08-09
F1627,366.95,Materiel,2025-10-10
F1628,76596.01,Deplacements,2025-11-22
F1629,11.24,Fournitures,2025-03-20
F1630,1.2,Materiel,2025-09-17
F1631,159362.11,Materiel,2025-08-12
F1632,801.38,Materiel,2025-09-18
F1633,274.35,Marketing,2025-08-01
F1634,15747.57,Fournitures,2025-06-14
F1635,1.79,Deplacements,2025-09-06
F1636,34563.25,Materiel,2025-11-22
F1637,12.35,Marketing,2025-02-09
F1638,14381.81,Services,2025-08-11
F1639,24.49,Logistique,2025-12-05
F1640,97386.09,Fournitures,2025-07-11
F1641,15.59,Logistique,2025-08-27
F1642,9.36,Fournitures,2025-09-13
F1643,2892.7,Consulting,2025-05-27
F1644,2.8,Services,2025-11-21
F1645,8287.63,Fournitures,2025-03-13
F1646,1431.01,Deplacements,2025-12-06
F1647,7.26,Fournitures,2025-11-11
F1648,461665.65,Logistique,2025-05-10
F1649,40880.97,Marketing,2025-02-25
F1650,1.15,Consulting,2025-01-13
F1651,5.59,Fournitures,2025-04-01
F1652,28.39,Services,2025-02-12
F1653,1581.38,Logistique,2025-08-19
F1654,29874.74,Marketing,2025-03-09
F1655,5924.15,Logistique,2025-08-15
F1656,13804.76,Logistique,2025-04-07
F1657,17.77,Materiel,2025-05-21
F1658,10450.14,Materiel,2025-09-24
F1659,448.65,Marketing,2025-07-16
F1660,30.57,Materiel,2025-06-27
F1661,17.1,Services,2025-02-05
F1662,98975.46,Marketing,2025-11-04
F1663,313.42,Logistique,2025-12-24
F1664,413481.82,Fournitures,2025-04-22
F1665,197.16,Logistique,2025-03-28
F1666,2700.9,Logistique,2025-03-07
F1667,52.75,Fournitures,2025-02-16
F1668,124452.07,Logistique,2025-03-15
F1669,9884.35,Fournitures,2025-09-04
F1670,85.41,Logistique,2025-01-18
F1671,77.71,Deplacements,2025-10-26
F1672,562.47,Deplacements,2025-06-15
F1673,3.68,Services,2025-08-12
F1674,32.79,Services,2025-13-27
F1675,26.82,Marketing,2025-04-12
F1676,37671.41,Deplacements,2025-02-02
F1677,1.62,Fournitures,2025-07-14
F1678,1690.07,Services,2025-10-25
F1679,494.5,Marketing,2025-10-22
F1680,4044.17,Logistique,2025-10-04
F1681,10.19,Materiel,2025-07-06
F1682,498754.02,Consulting,2025-08-07
F1683,33.74,Marketing,2025-02-01
F1684,424.24,Materiel,2025-04-06
F1685,443.32,Deplacements,2025-10-22
F1686,17.75,Services,2025-05-25
F1687,16.58,Materiel,2025-04-24
F1688,23.82,Services,2025-09-16
F1689,576.71,Deplacements,2025-03-26
F1690,1224.45,Deplacements,2025-01-16
F1691,7511.26,Marketing,2025-02-03
F1692,15.37,Logistique,2025-13-28
F1693,3303.59,Services,2025-03-08
F1694,152622.95,Materiel,2025-10-12
F1695,275808.88,Marketing,2025-03-18
F1696,361.86,Deplacements,2025-12-01
F1697,2698.35,Consulting,2025-06-27
F1698,2673.58,Fournitures,2025-10-20
F1699,7.63,Fournitures,2025-11-04
F1700,18,Deplacements,2025-11-21
F1701,996.01,Consulting,2025-07-08
F1702,120.37,Marketing,2025-02-03
F1703,86.62,Logistique,2025-07-28
F1704,1.01,Marketing,2025-02-07
F1705,9.34,Materiel,2025-01-12
F1706,206570.16,Consulting,2025-04-24
F1707,65.95,Fournitures,2025-06-12
F1708,313030.23,Consulting,2025-03-05
F1709,29.34,Services,2025-10-19
F1710,1238.67,Services,2025-10-06
F1711,3.74,Fournitures,2025-08-07
F1712,15.9,Consulting,2025-07-16
F1713,121.37,Consulting,2025-06-12
F1714,1152.71,Fournitures,2025-10-25
F1715,122209.64,Logistique,2025-03-18
F1716,69.84,Logistique,2025-12-27
F1717,411932.38,Materiel,2025-06-08
F1718,239908.96,Marketing,2025-04-12
F1719,170.74,Fournitures,2025-07-27
F1720,412682.49,Logistique,2025-06-18
F1721,5344.88,Marketing,2025-09-08
F1722,7533.5,Deplacements,2025-11-07
F1723,69829.63,Consulting,2025-09-25
F1724,183.9,Deplacements,2025-05-09
F1725,262.2,Consulting,2025-02-04
F1726,540,Consulting,2025-02-22
F1727,11772.09,Deplacements,2025-03-20
F1728,22.49,Logistique,2025-10-01
F1729,2.91,Deplacements,2025-04-07
F1730,3.89,Marketing,2025-08-03
F1731,4.9,Marketing,2025-13-02
F1732,59.29,Materiel,2025-02-20
F1733,318158.16,Fournitures,2025-09-19
F1734,463696.56,Consulting,2025-11-20
F1735,14.35,Consulting,2025-08-09
F1736,30421.7,Consulting,2025-07-05
F1737,3663.95,Deplacements,2025-11-22
F1738,488652.64,Marketing,2025-08-03
F1739,749.75,Logistique,2025-02-20
F1740,3.48,Logistique,2025-08-21
F1741,446666.46,Marketing,2025-06-18
F1742,2.69,Consulting,2025-01-12
F1743,2.45,Logistique,2025-06-23
F1744,167658.88,Deplacements,2025-06-02
F1745,241180.43,Marketing,2025-09-15
F1746,5452.29,Logistique,2025-02-20
F1747,50940.66,Materiel,2025-06-24
F1748,10567.59,Deplacements,2025-03-04
F1749,7.31,Consulting,2025-07-26
F1750,26.4,Services,2025-09-10
F1751,21.65,Deplacements,2025-03-04
F1752,90.17,Consulting,2025-07-08
F1753,169881.27,Fournitures,2025-02-04
F1754,1.19,Consulting,2025-11-19
F1755,109347.71,Materiel,2025-03-17
F1756,2.82,Logistique,2025-05-13
F1757,69.09,Marketing,2025-04-07
F1758,24.63,Fournitures,2025-04-12
F1759,39.97,Marketing,2025-08-22
F1760,41.16,Fournitures,2025-04-05
F1761,3012.22,Fournitures,2025-04-07
F1762,210.61,Services,2025-08-04
F1763,58.68,Deplacements,2025-06-03
F1764,405.63,Consulting,2025-02-04
F1765,966.88,Consulting,2025-08-27
F1766,13935.18,Services,2025-04-06
F1767,61599.71,Deplacements,2025-05-22
F1768,2189.56,Consulting,2025-04-07
F1769,78.11,Consulting,2025-02-24
F1770,94.41,Materiel,2025-06-03
F1771,506.48,Deplacements,2025-06-15
F1772,175482.68,Materiel,2025-06-13
F1773,771.51,Services,2025-10-08
F1774,8952.71,Deplacements,2025-04-07
F1775,49.47,Logistique,2025-05-06
F1776,9.93,Fournitures,2025-01-26
F1777,192.71,Services,2025-08-08
F1778,19.74,Logistique,2025-01-03
F1779,1281.07,Consulting,2025-10-27
F1780,12.3,Services,2025-01-26
F1781,459773.62,Consulting,2025-04-14
F1782,43.53,Marketing,2025-10-11
F1783,5.44,Materiel,2025-05-05
F1784,40.39,Consulting,2025-08-21
F1785,121043.35,Logistique,2025-01-13
F1786,8960.35,Marketing,2025-01-05
F1787,2317.11,Consulting,2025-08-02
F1788,812.32,Fournitures,2025-09-21
F1789,8.75,Logistique,2025-12-14
F1790,13154.46,Materiel,2025-07-16
F1791,1104.01,Deplacements,2025-13-26
F1792,134309.31,Logistique,2025-04-07
F1793,193.6,Materiel,2025-10-03
F1794,118.02,Fournitures,2025-05-08
F1795,564.97,Fournitures,2025-02-09
F1796,69802.38,Deplacements,2025-12-13
F1797,6846.63,Services,2025-12-05
F1798,48.9,Fournitures,2025-06-07
F1799,2.89,Services,2025-05-04
F1800,6.08,Materiel,2025-04-20
F1801,183.51,Deplacements,2025-09-22
F1802,460.51,Consulting,2025-07-01
F1803,74.24,Deplacements,2025-04-06
F1804,156846.63,Services,2025-01-17
F1805,14.94,Materiel,2025-07-07
F1806,10.41,Materiel,2025-05-27
F1807,3547.32,Fournitures,2025-08-23
F1808,427.88,Deplacements,2025-03-19
F1809,459056.75,Logistique,2025-05-09
F1810,30481.67,Deplacements,2025-11-22
F1811,125.07,Deplacements,2025-04-13
F1812,41.85,Consulting,2025-06-09
F1813,83.78,Materiel,2025-09-25
F1814,60814.22,Services,2025-07-22
F1815,794.04,Consulting,2025-01-27
F1816,361.35,Materiel,2025-02-11
F1817,17070.73,Marketing,2025-06-12
F1818,58.58,Services,2025-01-26
F1819,2524.51,Consulting,2025-10-10
F1820,750.53,Materiel,2025-04-10
F1821,26.72,Materiel,2025-08-24
F1822,1.22,Logistique,2025-04-07
F1823,161214.3,Services,2025-08-05
F1824,169542.78,Materiel,2025-06-09
F1825,6250.45,Consulting,2025-01-12
F1826,83718.94,Fournitures,2025-04-03
F1827,14.62,Materiel,2025-10-23
F1828,63775.71,Materiel,2025-09-28
F1829,31.22,Services,2025-08-04
F1830,50.3,Deplacements,2025-01-22
F1831,2.11,Fournitures,2025-03-28
F1832,294.65,Services,2025-05-24
F1833,201560.8,Marketing,2025-03-12
F1834,11331.61,Services,2025-12-03
F1835,3.43,Consulting,2025-09-26
F1836,38980.79,Marketing,2025-11-07
F1837,135032.74,Materiel,2025-09-18
F1838,8889.19,Fournitures,2025-09-22
F1839,5599.38,Fournitures,2025-09-15
F1840,78124.25,Fournitures,2025-12-27
F1841,9446.05,Materiel,2025-02-13
F1842,3.59,Materiel,2025-08-19
F1843,795.87,Fournitures,2025-10-20
F1844,30.4,Services,2025-02-19
F1845,2164.73,Deplacements,2025-11-16
F1846,3.74,Deplacements,2025-08-20
F1847,55.16,Deplacements,2025-09-09
F1848,180094.14,Materiel,2025-02-27
F1849,112.32,Logistique,2025-10-20
F1850,1649.09,Logistique,2025-11-19
F1851,387778.05,Logistique,2025-11-19
F1852,56402.04,Consulting,2025-04-06
F1853,42219.01,Materiel,2025-11-01
F1854,1.76,Consulting,2025-01-22
F1855,175.02,Fournitures,2025-02-10
F1856,1166.74,Services,2025-02-25
F1857,93.19,Deplacements,2025-09-26
F1858,12231.76,Deplacements,2025-07-24
F1859,225.54,Materiel,2025-10-12
F1860,190.49,Fournitures,2025-11-09
F1861,7.53,Deplacements,2025-01-02
F1862,53315.23,Services,2025-01-08
F1863,10233.96,Logistique,2025-04-26
F1864,6675.02,Services,2025-03-06
F1865,8.99,Deplacements,2025-05-02
F1866,1.59,Consulting,2025-11-09
F1867,53.39,Fournitures,2025-08-17
F1868,1.26,Deplacements,2025-11-26
F1869,34.59,Logistique,2025-04-10
F1870,25187.49,Services,2025-05-02
F1871,188.51,Logistique,2025-05-22
F1872,35.18,Services,2025-08-15
F1873,235604.43,Services,2025-05-27
F1874,120175.84,Fournitures,2025-01-09
F1875,87436.49,Deplacements,2025-02-05
F1876,23.05,Marketing,2025-09-17
F1877,7241.63,Materiel,2025-02-25
F1878,222.5,Materiel,2025-01-01
F1879,109872.26,Materiel,2025-08-20
F1880,194357.76,Materiel,2025-05-09
F1881,333364.52,Logistique,2025-09-11
F1882,1241.52,Marketing,2025-08-09
F1883,30.7,Services,2025-07-23
F1884,12.47,Deplacements,2025-04-19
F1885,301.29,Logistique,2025-11-27
F1886,393295.79,Logistique,2025-08-16
F1887,8.21,Deplacements,2025-09-26
F1888,23.39,Marketing,2025-04-03
F1889,1.91,Materiel,2025-07-01
F1890,669.46,Fournitures,2025-12-23
F1891,325787.19,Marketing,2025-04-27
F1892,152.76,Marketing,2025-12-23
F1893,3137.35,Fournitures,2025-06-15
F1894,217.2,Materiel,2025-04-14
F1895,7.57,Materiel,2025-10-27
F1896,155.62,Consulting,2025-03-04
F1897,31.68,Consulting,2025-12-20
F1898,7562.89,Marketing,2025-09-15
F1899,67948.3,Services,2025-11-07
F1900,214992.16,Materiel,2025-08-03
F1901,5992.84,Deplacements,2025-05-12
F1902,978.02,Materiel,2025-08-19
F1903,107.33,Fournitures,2025-05-21
F1904,2.51,Consulting,2025-09-22
F1905,4,Fournitures,2025-08-01
F1906,31345.88,Consulting,2025-05-24
F1907,233.97,Deplacements,2025-04-21
F1908,23114.98,Deplacements,2025-04-28
F1909,34521.05,Materiel,2025-10-02
F1910,490468.41,Materiel,2025-02-23
F1911,78387.73,Consulting,2025-02-13
F1912,38567.21,Consulting,2025-11-07
F1913,144.01,Marketing,2025-05-09
F1914,92.45,Consulting,2025-02-24
F1915,80.06,Materiel,2025-05-28
F1916,58359.45,Consulting,2025-02-12
F1917,11034.29,Deplacements,2025-01-02
F1918,8565.95,Services,2025-07-14
F1919,1723.47,Fournitures,2025-05-08
F1920,17.94,Logistique,2025-04-26
F1921,1.18,Deplacements,2025-04-17
F1922,797.39,Marketing,2025-10-20
F1923,77573.21,Marketing,2025-08-10
F1924,167994.92,Deplacements,2025-07-14
F1925,63.07,Deplacements,2025-07-06
F1926,3.35,Materiel,2025-09-16
F1927,64672.45,Marketing,2025-09-11
F1928,434.48,Services,2025-07-28
F1929,50184.66,Consulting,2025-02-22
F1930,18883.94,Deplacements,2025-08-04
F1931,630.51,Deplacements,2025-03-01
F1932,3118.78,Consulting,2025-08-15
F1933,1528.94,Marketing,2025-02-15
F1934,216732.95,Fournitures,2025-08-10
F1935,92.38,Services,2025-06-27
F1936,45.21,Services,2025-06-12
F1937,2004.8,Deplacements,2025-03-18
F1938,3809.36,Marketing,2025-01-19
F1939,3.71,Materiel,2025-02-24
F1940,27.62,Deplacements,2025-11-26
F1941,40.58,Materiel,2025-03-17
F1942,15.65,Materiel,2025-02-05
F1943,108.97,Logistique,2025-10-12
F1944,448336.03,Marketing,2025-09-17
F1945,10.95,Consulting,2025-03-25
F1946,259944.93,Fournitures,2025-03-01
F1947,15619.37,Marketing,2025-01-18
F1948,6732.14,Fournitures,2025-02-19
F1949,1925.36,Marketing,2025-05-11
F1950,1079.3,Consulting,2025-06-08
F1951,8756.33,Services,2025-02-23
F1952,69611.77,Services,2025-05-09
F1953,432.6,Consulting,2025-05-16
F1954,472318.35,Logistique,2025-03-21
F1955,35.6,Marketing,2025-06-26
F1956,104930.94,Logistique,2025-12-01
F1957,1.57,Fournitures,2025-10-24
F1958,81.29,Services,2025-02-26
F1959,2.69,Services,2025-02-17
F1960,1.36,Marketing,2025-05-23
F1961,10343.32,Services,2025-02-11
F1962,451.5,Deplacements,2025-04-17
F1963,5.94,Deplacements,2025-04-27
F1964,43537.74,Marketing,2025-03-23
F1965,349.06,Logistique,2025-01-21
F1966,16629.38,Fournitures,2025-09-02
F1967,19.4,Materiel,2025-11-21
F1968,564.09,Marketing,2025-07-14
F1969,2250.36,Marketing,2025-12-04
F1970,27693.02,Logistique,2025-01-15
F1971,6441.96,Deplacements,2025-10-16
F1972,15626.59,Services,2025-08-16
F1973,60.41,Logistique,2025-01-03
F1974,189055.84,Marketing,2025-09-09
F1975,63680.3,Fournitures,2025-12-21
F1976,2.44,Fournitures,2025-08-24
F1977,78935.02,Services,2025-02-24
F1978,5.48,Services,2025-08-09
F1979,16524.25,Deplacements,2025-04-05
F1980,2.85,Materiel,2025-01-23
F1981,141850.63,Fournitures,2025-06-04
F1982,15037.33,Logistique,2025-12-04
F1983,11351.13,Marketing,2025-11-09
F1984,55244.94,Logistique,2025-02-03
F1985,2.54,Services,2025-07-11
F1986,22098.51,Fournitures,2025-08-14
F1987,35126.58,Marketing,2025-11-27
F1988,565.8,Consulting,2025-06-11
F1989,73.1,Consulting,2025-11-28
F1990,174952.31,Consulting,2025-04-03
F1991,11842.58,Consulting,2025-08-15
F1992,53696.54,Materiel,2025-03-06
F1993,91.95,Consulting,2025-01-26
F1994,7386.52,Logistique,2025-02-18
F1995,406.75,Services,2025-09-18
F1996,26.27,Deplacements,2025-12-25
F1997,25.5,Deplacements,2025-04-08
F1998,333431.28,Fournitures,2025-04-06
F1999,1778.8,Fournitures,2025-01-01
F2000,328089.71,Materiel,2025-05-17
F2001,123209.91,Consulting,2025-12-04
F2002,13.85,Services,2025-04-06
F2003,108819.92,Consulting,2025-01-17
F2004,21120.5,Materiel,2025-05-10
F2005,865.46,Consulting,2025-06-11
F2006,7.4,Fournitures,2025-10-12
F2007,2903.19,Consulting,2025-12-08
F2008,9.32,Logistique,2025-07-16
F2009,60.67,Logistique,2025-02-03
F2010,17372.15,Deplacements,2025-04-24
F2011,746.45,Fournitures,2025-05-07
F2012,14458.52,Deplacements,2025-08-06
F2013,53.61,Fournitures,2025-07-22
F2014,541.35,Materiel,2025-03-06
F2015,712.03,Materiel,2025-06-18
F2016,239.3,Logistique,2025-08-06
F2017,258.96,Marketing,2025-03-07
F2018,2.77,Services,2025-13-28
F2019,27588.03,Consulting,2025-09-18
F2020,2366.49,Services,2025-01-21
F2021,1.97,Services,2025-09-24
F2022,109.17,Services,2025-07-07
F2023,6.55,Consulting,2025-03-04
F2024,5,Services,2025-03-25
F2025,708.39,Materiel,2025-13-01
F2026,50.26,Consulting,2025-07-13
F2027,17.15,Logistique,2025-08-25
F2028,21,Consulting,2025-08-03
F2029,2.53,Consulting,2025-11-16
F2030,3.13,Deplacements,2025-12-07
F2031,409.01,Materiel,2025-04-17
F2032,1264.73,Consulting,2025-06-17
F2033,246500.18,Fournitures,2025-02-18
F2034,380989.32,Logistique,2025-12-03
F2035,1756.08,Marketing,2025-02-19
F2036,2102.11,Fournitures,2025-11-02
F2037,6632.7,Consulting,2025-12-22
F2038,1.89,Materiel,2025-02-13
F2039,1068.38,Logistique,2025-09-11
F2040,1058.96,Fournitures,2025-11-23
F2041,4408.84,Services,2025-12-14
F2042,517.84,Consulting,2025-04-13
F2043,35.84,Deplacements,2025-12-07
F2044,1.11,Logistique,2025-04-02
F2045,289.66,Services,2025-04-13
F2046,133723.36,Deplacements,2025-09-15
F2047,42992.18,Consulting,2025-01-11
F2048,271790.25,Marketing,2025-05-11
F2049,121.53,Marketing,2025-03-26
F2050,26308.24,Deplacements,2025-04-27
F2051,77.28,Consulting,2025-06-22
F2052,163318.56,Materiel,2025-09-12
F2053,115.37,Marketing,2025-01-10
F2054,112.38,Deplacements,2025-05-04
F2055,4.59,Fournitures,2025-12-27
F2056,361.38,Materiel,2025-05-18
F2057,31482.94,Materiel,2025-05-13
F2058,4.24,Consulting,2025-05-21
F2059,38.1,Services,2025-06-24
F2060,1.53,Marketing,2025-07-07
F2061,89655.57,Fournitures,2025-04-24
F2062,160160.34,Services,2025-02-09
F2063,203105.21,Fournitures,2025-01-08
F2064,13.93,Logistique,2025-09-24
F2065,1418.02,Marketing,2025-13-02
F2066,2.08,Deplacements,2025-02-12
F2067,12,Services,2025-07-17
F2068,24.7,Consulting,2025-03-07
F2069,325.11,Marketing,2025-10-02
F2070,13.53,Marketing,2025-11-20
F2071,2.72,Fournitures,2025-08-15
F2072,7251.72,Logistique,2025-10-20
F2073,7301.71,Fournitures,2025-01-24
F2074,176716.39,Services,2025-05-05
F2075,106.08,Deplacements,2025-09-14
F2076,4970.57,Services,2025-07-05
F2077,13.44,Materiel,2025-08-15
F2078,76.92,Deplacements,2025-06-28
F2079,627.88,Materiel,2025-06-17
F2080,44123.54,Marketing,2025-12-21
F2081,190.58,Deplacements,2025-03-22
F2082,19007.73,Logistique,2025-11-21
F2083,4909.87,Deplacements,2025-04-06
F2084,1.83,Fournitures,2025-05-08
F2085,285692.27,Fournitures,2025-04-16
F2086,64.29,Logistique,2025-12-18
F2087,40.21,Services,2025-09-02
F2088,3.22,Logistique,2025-12-26
F2089,68802.37,Fournitures,2025-07-17
F2090,25067.6,Fournitures,2025-11-06
F2091,3.5,Logistique,2025-03-04
F2092,3211.22,Materiel,2025-05-03
F2093,438.59,Fournitures,2025-02-01
F2094,379.44,Fournitures,2025-04-23
F2095,1.02,Deplacements,2025-05-25
F2096,168.13,Fournitures,2025-08-11
F2097,30842.46,Consulting,2025-05-27
F2098,165.69,Fournitures,2025-02-13
F2099,38080.56,Materiel,2025-03-06
F2100,3.35,Fournitures,2025-08-13
F2101,1633.7,Consulting,2025-10-27
F2102,195889.11,Marketing,2025-08-28
F2103,37.15,Deplacements,2025-03-27
F2104,388892.92,Marketing,2025-05-04
F2105,67.9,Consulting,2025-04-10
F2106,21352.87,Consulting,2025-12-25
F2107,188022.63,Fournitures,2025-07-17
F2108,113.04,Consulting,2025-06-24
F2109,114678.39,Consulting,2025-01-08
F2110,7.53,Consulting,2025-08-11
F2111,60274,Fournitures,2025-07-21
F2112,95.81,Deplacements,2025-12-06
F2113,156.85,Logistique,2025-07-23
F2114,1765.18,Logistique,2025-01-19
F2115,12.19,Logistique,2025-06-28
F2116,5305.59,Fournitures,2025-10-13
F2117,227465.01,Deplacements,2025-07-05
F2118,76.97,Fournitures,2025-03-22
F2119,74433.87,Logistique,2025-03-05
F2120,4899.4,Marketing,2025-10-19
F2121,3.98,Logistique,2025-04-20
F2122,1190.29,Marketing,2025-11-24
F2123,377.7,Fournitures,2025-09-05
F2124,3737.21,Consulting,2025-04-22
F2125,29.4,Materiel,2025-12-09
F2126,27.49,Fournitures,2025-09-17
F2127,38917.06,Consulting,2025-02-05
F2128,171.56,Marketing,2025-02-14
F2129,1,Consulting,2025-12-21
F2130,1572.35,Materiel,2025-05-13
F2131,1228,Marketing,2025-09-17
F2132,1.84,Materiel,2025-10-02
F2133,26.38,Consulting,2025-02-04
F2134,1.75,Fournitures,2025-04-05
F2135,5.38,Logistique,2025-11-25
F2136,1.46,Fournitures,2025-07-06
F2137,2007,Marketing,2025-04-07
F2138,13.85,Deplacements,2025-04-26
F2139,24695.08,Consulting,2025-06-28
F2140,932.66,Fournitures,2025-09-28
F2141,202563.43,Materiel,2025-09-02
F2142,4148.37,Deplacements,2025-04-15
F2143,6539.91,Services,2025-04-06
F2144,7.12,Marketing,2025-01-20
F2145,2.68,Marketing,2025-08-24
F2146,117.67,Materiel,2025-07-22
F2147,183.26,Logistique,2025-01-08
F2148,42620.35,Logistique,2025-07-06
F2149,8.3,Fournitures,2025-02-13
F2150,14238.67,Deplacements,2025-03-06
F2151,1156.7,Fournitures,2025-04-19
F2152,60676.72,Deplacements,2025-05-13
F2153,14.25,Fournitures,2025-10-08
F2154,339974.88,Fournitures,2025-13-27
F2155,1023.7,Marketing,2025-07-12
F2156,412.26,Fournitures,2025-03-11
F2157,373719.43,Consulting,2025-06-26
F2158,50.7,Deplacements,2025-10-25
F2159,173.91,Deplacements,2025-03-22
F2160,3495.97,Logistique,2025-12-09
F2161,52.94,Logistique,2025-03-18
F2162,5.32,Consulting,2025-11-22
F2163,11979.27,Deplacements,2025-11-02
F2164,6.25,Fournitures,2025-08-02
F2165,465164.12,Marketing,2025-12-22
F2166,638.08,Marketing,2025-12-24
F2167,5371.25,Marketing,2025-03-15
F2168,2.3,Consulting,2025-01-02
F2169,47981.36,Deplacements,2025-08-02
F2170,2.58,Logistique,2025-02-21
F2171,15.98,Deplacements,2025-03-26
F2172,3.47,Fournitures,2025-13-26
F2173,140266.26,Deplacements,2025-01-07
F2174,299917.81,Marketing,2025-11-12
F2175,337.92,Marketing,2025-01-28
F2176,28.41,Services,2025-04-11
F2177,70.76,Marketing,2025-06-16
F2178,80.81,Fournitures,2025-05-27
F2179,1.38,Deplacements,2025-09-01
F2180,302669.23,Deplacements,2025-05-05
F2181,13.37,Marketing,2025-06-05
F2182,3.61,Deplacements,2025-06-02
F2183,10583.61,Fournitures,2025-12-02
F2184,189382.56,Logistique,2025-12-11
F2185,1.44,Deplacements,2025-03-15
F2186,1.43,Marketing,2025-12-26
F2187,20.61,Services,2025-07-28
F2188,2.34,Consulting,2025-04-24
F2189,97015.23,Deplacements,2025-03-22
F2190,322.47,Services,2025-01-16
F2191,68.2,Consulting,2025-06-12
F2192,10.28,Fournitures,2025-02-05
F2193,19216.93,Deplacements,2025-05-20
F2194,1.92,Deplacements,2025-12-20
F2195,1.75,Logistique,2025-12-10
F2196,4.16,Fournitures,2025-03-05
F2197,162168.82,Deplacements,2025-06-24
F2198,34.79,Marketing,2025-12-24
F2199,25.01,Consulting,2025-03-10
F2200,5309.31,Fournitures,2025-05-14
F2201,252559.54,Consulting,2025-11-27
F2202,5002.33,Deplacements,2025-02-06
F2203,20.02,Services,2025-06-16
F2204,262.75,Logistique,2025-01-28
F2205,26.72,Consulting,2025-10-20
F2206,59567.25,Logistique,2025-03-08
F2207,20650.35,Services,2025-12-25
F2208,44537.96,Consulting,2025-07-20
F2209,19471.92,Logistique,2025-01-27
F2210,1.8,Services,2025-03-27
F2211,139461.06,Services,2025-10-21
F2212,373091.2,Logistique,2025-06-18
F2213,10.25,Deplacements,2025-06-04
F2214,31922.32,Deplacements,2025-07-25
F2215,526.27,Logistique,2025-03-27
F2216,21076.6,Services,2025-10-07
F2217,164492.61,Materiel,2025-08-22
F2218,221.21,Consulting,2025-08-11
F2219,40987.72,Fournitures,2025-10-11
F2220,273.65,Fournitures,2025-04-04
F2221,23.52,Deplacements,2025-10-19
F2222,1282.76,Deplacements,2025-04-08
F2223,218537.92,Marketing,2025-07-01
F2224,35092.15,Fournitures,2025-05-12
F2225,390.85,Logistique,2025-05-01
F2226,19973.36,Marketing,2025-02-22
F2227,9306.31,Services,2025-10-01
F2228,105.01,Logistique,2025-09-22
F2229,18.84,Deplacements,2025-04-14
F2230,1.14,Materiel,2025-04-08
F2231,20.59,Services,2025-03-12
F2232,116264.09,Fournitures,2025-11-14
F2233,37058.4,Logistique,2025-11-06
F2234,366.76,Consulting,2025-04-02
F2235,10929.7,Marketing,2025-10-26
F2236,165.9,Services,2025-07-13
F2237,2.19,Deplacements,2025-08-15
F2238,2.59,Fournitures,2025-01-27
F2239,173050.19,Materiel,2025-10-01
F2240,71.11,Marketing,2025-11-04
F2241,74.83,Consulting,2025-02-14
F2242,4576.19,Marketing,2025-09-18
F2243,128.89,Marketing,2025-08-07
F2244,2.75,Logistique,2025-02-23
F2245,2.12,Marketing,2025-09-17
F2246,15.09,Fournitures,2025-09-28
F2247,10937.95,Services,2025-01-24
F2248,20274.35,Materiel,2025-03-04
F2249,35051.51,Consulting,2025-06-24
F2250,2471.27,Deplacements,2025-08-19
F2251,916.02,Logistique,2025-12-28
F2252,487.69,Deplacements,2025-10-22
F2253,65.32,Materiel,2025-03-06
F2254,3.77,Marketing,2025-13-27
F2255,860.23,Fournitures,2025-10-20
F2256,631.89,Fournitures,2025-01-20
F2257,5921.42,Marketing,2025-05-11
F2258,90376.52,Deplacements,2025-06-14
F2259,821.22,Logistique,2025-06-01
F2260,1.35,Fournitures,2025-10-25
F2261,911.3,Logistique,2025-01-01
F2262,33254.88,Materiel,2025-05-01
F2263,21.38,Services,2025-07-02
F2264,1304.04,Materiel,2025-11-02
F2265,1.83,Fournitures,2025-07-17
F2266,115680.52,Consulting,2025-08-09
F2267,50582.92,Deplacements,2025-02-27
F2268,248.37,Materiel,2025-06-11
F2269,136143.94,Deplacements,2025-12-14
F2270,2.66,Consulting,2025-10-09
F2271,34883.89,Fournitures,2025-09-05
F2272,13015.33,Marketing,2025-01-08
F2273,9199.24,Fournitures,2025-05-21
F2274,21.49,Logistique,2025-11-14
F2275,215.7,Services,2025-07-19
F2276,700.12,Consulting,2025-11-02
F2277,463535.56,Fournitures,2025-11-15
F2278,141932.7,Deplacements,2025-01-24
F2279,599.99,Materiel,2025-09-14
F2280,8.77,Deplacements,2025-04-08
F2281,1.66,Services,2025-08-27
F2282,45573.85,Fournitures,2025-12-04
F2283,36071.61,Fournitures,2025-09-16
F2284,94.33,Materiel,2025-03-05
F2285,1609.32,Logistique,2025-06-22
F2286,36787.91,Deplacements,2025-11-10
F2287,23,Services,2025-07-01
F2288,5784.42,Marketing,2025-02-27
F2289,1484.04,Services,2025-05-17
F2290,5745.63,Fournitures,2025-06-17
F2291,540.68,Marketing,2025-07-21
F2292,2919.77,Deplacements,2025-07-18
F2293,29583.57,Marketing,2025-08-22
F2294,95.98,Fournitures,2025-04-10
F2295,6767.3,Services,2025-12-28
F2296,117211.17,Deplacements,2025-04-18
F2297,35.48,Consulting,2025-01-27
F2298,4221.22,Marketing,2025-01-05
F2299,90624.87,Marketing,2025-04-26
F2300,1218.61,Consulting,2025-13-02
F2301,17057.86,Consulting,2025-10-26
F2302,140540.8,Consulting,2025-12-08
F2303,82593.72,Services,2025-03-14
F2304,3.09,Services,2025-10-02
F2305,137.42,Logistique,2025-09-04
F2306,9236.67,Services,2025-06-25
F2307,229.95,Materiel,2025-08-23
F2308,15086.66,Materiel,2025-01-07
F2309,8843.11,Logistique,2025-01-19
F2310,1451.26,Services,2025-09-20
F2311,1.22,Materiel,2025-11-23
F2312,29.41,Marketing,2025-09-08
F2313,68237.6,Fournitures,2025-02-08
F2314,176283.19,Deplacements,2025-09-28
F2315,214573.52,Deplacements,2025-10-06
F2316,8603.75,Fournitures,2025-05-19
F2317,748.96,Services,2025-09-17
F2318,65149.9,Services,2025-11-01
F2319,19.24,Services,2025-12-12
F2320,67.41,Fournitures,2025-05-08
F2321,3.72,Logistique,2025-01-03
F2322,100.53,Logistique,2025-08-14
F2323,478.27,Logistique,2025-06-27
F2324,12326.77,Fournitures,2025-08-28
F2325,81532.23,Services,2025-10-02
F2326,152.79,Deplacements,2025-03-04
F2327,125.68,Deplacements,2025-11-12
F2328,2.6,Fournitures,2025-03-05
F2329,42739.97,Services,2025-11-06
F2330,195.82,Marketing,2025-11-23
F2331,6021.48,Marketing,2025-04-08
F2332,4456.37,Marketing,2025-02-16
F2333,44.55,Materiel,2025-02-13
F2334,4196.27,Materiel,2025-06-19
F2335,92990.63,Marketing,2025-02-19
F2336,32.61,Logistique,2025-06-08
F2337,31.37,Marketing,2025-09-27
F2338,242.46,Services,2025-11-27
F2339,1.47,Logistique,2025-07-26
F2340,784.78,Deplacements,2025-01-02
F2341,2.64,Marketing,2025-01-07
F2342,1272.81,Logistique,2025-01-02
F2343,57708.39,Marketing,2025-09-24
F2344,373136.73,Marketing,2025-07-21
F2345,35504.23,Services,2025-11-08
F2346,3995.84,Consulting,2025-12-16
F2347,2.05,Materiel,2025-01-23
F2348,1.99,Materiel,2025-09-28
F2349,2.78,Logistique,2025-09-02
F2350,10.21,Consulting,2025-03-06
F2351,8234.42,Fournitures,2025-05-23
F2352,40.61,Deplacements,2025-08-16
F2353,35.46,Logistique,2025-08-08
F2354,646.27,Services,2025-04-03
F2355,167.79,Materiel,2025-04-26
F2356,214.56,Materiel,2025-12-23
F2357,7895.26,Fournitures,2025-05-28
F2358,7434.11,Fournitures,2025-09-03
F2359,52862.85,Marketing,2025-01-23
F2360,11.15,Services,2025-04-07
F2361,3319.77,Fournitures,2025-03-05
F2362,2842.06,Logistique,2025-04-16
F2363,6580.41,Services,2025-05-13
F2364,131.97,Materiel,2025-06-26
F2365,6.95,Consulting,2025-02-22
F2366,1,Logistique,2025-03-06
F2367,11451.25,Fournitures,2025-12-19
F2368,189.57,Materiel,2025-07-05
F2369,3.17,Marketing,2025-11-27
F2370,123232.27,Logistique,2025-04-22
F2371,7.12,Fournitures,2025-06-10
F2372,92.32,Materiel,2025-08-27
F2373,9.89,Materiel,2025-11-16
F2374,4480.2,Consulting,2025-09-04
F2375,1.35,Consulting,2025-11-05
F2376,30197.9,Deplacements,2025-07-08
F2377,2.46,Consulting,2025-07-18
F2378,29.03,Fournitures,2025-06-14
F2379,1301.17,Fournitures,2025-01-09
F2380,25106.43,Consulting,2025-05-20
F2381,36841.36,Fournitures,2025-10-20
F2382,12768.04,Materiel,2025-11-12
F2383,607.41,Consulting,2025-01-24
F2384,104.39,Services,2025-09-27
F2385,133875.11,Logistique,2025-09-13
F2386,474580.94,Logistique,2025-07-02
F2387,460406.43,Logistique,2025-04-06
F2388,7125.33,Consulting,2025-02-28
F2389,157.56,Marketing,2025-11-22
F2390,1.59,Services,2025-08-13
F2391,2888.84,Consulting,2025-01-20
F2392,6.33,Materiel,2025-08-25
F2393,7.96,Materiel,2025-09-20
F2394,3.47,Logistique,2025-10-05
F2395,709.37,Fournitures,2025-11-20
F2396,3825.34,Fournitures,2025-04-03
F2397,15153.96,Marketing,2025-02-19
F2398,182.64,Fournitures,2025-07-23
F2399,43256.42,Deplacements,2025-12-07
F2400,10610.66,Marketing,2025-02-15
F2401,11.66,Consulting,2025-07-14
F2402,383111.25,Deplacements,2025-06-09
F2403,6262.61,Services,2025-10-09
F2404,33619.49,Materiel,2025-06-06
F2405,2.43,Services,2025-04-04
F2406,1411.34,Fournitures,2025-09-09
F2407,9.4,Marketing,2025-05-27
F2408,12.67,Materiel,2025-08-14
F2409,53.25,Deplacements,2025-05-03
F2410,4198.58,Services,2025-02-04
F2411,2927.26,Materiel,2025-08-10
F2412,12405.69,Fournitures,2025-08-19
F2413,15049.14,Deplacements,2025-08-10
F2414,58791.03,Fournitures,2025-05-05
F2415,24051.27,Marketing,2025-04-17
F2416,2.2,Fournitures,2025-09-21
F2417,147.85,Fournitures,2025-12-07
F2418,160214.96,Consulting,2025-01-13
F2419,12.12,Consulting,2025-02-17
F2420,19206.61,Marketing,2025-08-12
F2421,1.2,Fournitures,2025-04-08
F2422,194.79,Services,2025-09-08
F2423,13.48,Logistique,2025-11-01
F2424,12185.35,Logistique,2025-08-25
F2425,131.77,Marketing,2025-12-14
F2426,61.34,Logistique,2025-10-02
F2427,2.1,Deplacements,2025-08-15
F2428,42.33,Marketing,2025-11-26
F2429,8.14,Logistique,2025-07-19
F2430,33128.7,Services,2025-01-13
F2431,7.32,Deplacements,2025-06-01
F2432,2739.31,Marketing,2025-10-14
F2433,39719.88,Marketing,2025-10-13
F2434,4053.56,Services,2025-09-27
F2435,66986.11,Marketing,2025-03-17
F2436,18.99,Marketing,2025-04-07
F2437,160234.76,Deplacements,2025-05-03
F2438,33267.67,Consulting,2025-06-27
F2439,282271.48,Consulting,2025-10-18
F2440,9670.05,Consulting,2025-04-28
F2441,22.25,Deplacements,2025-11-01
F2442,5.98,Marketing,2025-07-27
F2443,300.96,Services,2025-08-25
F2444,24.6,Logistique,2025-07-14
F2445,182603.58,Marketing,2025-07-06
F2446,358899.41,Materiel,2025-01-19
F2447,12410.43,Consulting,2025-12-23
F2448,419.03,Logistique,2025-03-28
F2449,13.35,Marketing,2025-01-07
F2450,4.09,Services,2025-13-26
F2451,70.39,Consulting,2025-06-05
F2452,11.61,Services,2025-09-21
F2453,8106.56,Deplacements,2025-06-10
F2454,70.09,Marketing,2025-08-09
F2455,7.81,Logistique,2025-06-15
F2456,1150.54,Consulting,2025-12-28
F2457,144.08,Consulting,2025-12-26
F2458,88.82,Deplacements,2025-09-13
F2459,707.24,Materiel,2025-07-14
F2460,25319.51,Consulting,2025-11-04
F2461,64.32,Services,2025-05-13
F2462,55.55,Marketing,2025-08-17
F2463,210622.39,Marketing,2025-12-23
F2464,14479.07,Fournitures,2025-02-07
F2465,6.16,Deplacements,2025-01-25
F2466,4.72,Consulting,2025-06-17
F2467,43.77,Marketing,2025-11-08
F2468,29497.62,Materiel,2025-10-01
F2469,20.47,Logistique,2025-07-20
F2470,404.43,Marketing,2025-08-15
F2471,68069.58,Deplacements,2025-01-17
F2472,125630.52,Fournitures,2025-07-03
F2473,6.85,Logistique,2025-11-16
F2474,26.51,Marketing,2025-06-20
F2475,16.98,Services,2025-07-21
F2476,9200.23,Services,2025-04-01
F2477,3.18,Marketing,2025-06-15
F2478,3.62,Consulting,2025-06-21
F2479,17.37,Materiel,2025-06-10
F2480,808.52,Consulting,2025-06-04
F2481,30.64,Fournitures,2025-11-10
F2482,35.91,Fournitures,2025-08-07
F2483,18.67,Logistique,2025-04-18
F2484,61.39,Services,2025-05-25
F2485,2.15,Services,2025-13-02
F2486,34.72,Deplacements,2025-12-22
F2487,2.45,Fournitures,2025-08-15
F2488,92721.18,Marketing,2025-08-15
F2489,2.18,Logistique,2025-08-26
F2490,739.99,Consulting,2025-03-06
F2491,15.02,Marketing,2025-03-07
F2492,1.62,Marketing,2025-12-13
F2493,572.78,Logistique,2025-09-18
F2494,17463.58,Materiel,2025-02-15
F2495,25.46,Marketing,2025-08-13
F2496,31864.89,Fournitures,2025-05-24
F2497,11555.51,Logistique,2025-11-12
F2498,7.59,Logistique,2025-03-06
F2499,3816.63,Materiel,2025-06-18
F2500,2767.65,Fournitures,2025-05-18
F2501,159.83,Consulting,2025-05-28
F2502,12543.21,Materiel,2025-08-16
F2503,32.16,Logistique,2025-01-20
F2504,1.3,Consulting,2025-06-23
F2505,46.72,Fournitures,2025-07-13
F2506,936.81,Marketing,2025-03-09
F2507,73828.86,Deplacements,2025-05-01
F2508,255601.67,Fournitures,2025-13-02
F2509,4.43,Marketing,2025-03-14
F2510,41053.18,Services,2025-12-18
F2511,305.89,Fournitures,2025-05-09
F2512,1620.79,Consulting,2025-01-27
F2513,3888.52,Consulting,2025-09-10
F2514,4663.19,Services,2025-11-21
F2515,2971.24,Logistique,2025-03-09
F2516,61.88,Services,2025-06-13
F2517,9956.3,Services,2025-11-21
F2518,302.02,Services,2025-12-09
F2519,797.15,Marketing,2025-08-12
F2520,34.56,Materiel,2025-06-27
F2521,7502.62,Consulting,2025-12-13
F2522,36.45,Logistique,2025-11-12
F2523,153103.23,Deplacements,2025-07-14
F2524,59.98,Consulting,2025-12-01
F2525,67.12,Deplacements,2025-10-26
F2526,2059.52,Deplacements,2025-10-07
F2527,57.37,Deplacements,2025-07-07
F2528,256190.11,Marketing,2025-05-05
F2529,97.97,Deplacements,2025-06-11
F2530,2581.27,Deplacements,2025-07-17
F2531,119.74,Logistique,2025-07-27
F2532,642.07,Consulting,2025-02-05
F2533,7.37,Materiel,2025-05-15
F2534,564.21,Deplacements,2025-11-14
F2535,7.03,Marketing,2025-09-04
F2536,23738.34,Consulting,2025-01-05
F2537,3180.72,Services,2025-08-27
F2538,51.84,Marketing,2025-08-13
F2539,31243.03,Consulting,2025-05-03
F2540,1523.52,Materiel,2025-13-26
F2541,1.51,Logistique,2025-08-13
F2542,14133.42,Fournitures,2025-06-03
F2543,14.26,Logistique,2025-03-20
F2544,1815.42,Marketing,2025-11-10
F2545,196363.12,Fournitures,2025-04-20
F2546,69233.04,Services,2025-11-14
F2547,27.26,Marketing,2025-01-25
F2548,4.96,Marketing,2025-12-07
F2549,2.9,Marketing,2025-04-01
F2550,2.14,Logistique,2025-01-06
F2551,441164.1,Materiel,2025-13-25
F2552,13.67,Fournitures,2025-02-19
F2553,892.68,Deplacements,2025-03-16
F2554,18.71,Fournitures,2025-02-21
F2555,10054.3,Fournitures,2025-05-08
F2556,18641.79,Fournitures,2025-12-25
F2557,11.83,Marketing,2025-03-22
F2558,148.78,Logistique,2025-02-08
F2559,93.17,Consulting,2025-11-02
F2560,98986.81,Marketing,2025-01-08
F2561,2.69,Consulting,2025-11-28
F2562,33385.7,Marketing,2025-07-15
F2563,204954.28,Materiel,2025-07-13
F2564,1.43,Fournitures,2025-06-19
F2565,52.9,Deplacements,2025-02-08
F2566,269204.25,Services,2025-03-06
F2567,67.32,Marketing,2025-07-05
F2568,5.72,Fournitures,2025-08-25
F2569,5025.27,Marketing,2025-02-09
F2570,713.84,Materiel,2025-06-28
F2571,10744.97,Fournitures,2025-11-20
F2572,176714.31,Marketing,2025-02-07
F2573,449.88,Consulting,2025-10-24
F2574,12594.58,Consulting,2025-01-17
F2575,2.51,Fournitures,2025-09-25
F2576,2008.83,Fournitures,2025-01-16
F2577,13205.16,Consulting,2025-04-08
F2578,8.31,Fournitures,2025-09-27
F2579,14.41,Materiel,2025-03-21
F2580,93518.02,Consulting,2025-11-23
F2581,42.28,Consulting,2025-10-18
F2582,307.03,Marketing,2025-05-17
F2583,1668.56,Deplacements,2025-07-17
F2584,66.87,Marketing,2025-01-23
F2585,542.41,Fournitures,2025-12-21
F2586,16.3,Marketing,2025-03-14
F2587,31545.9,Fournitures,2025-13-26
F2588,98.47,Consulting,2025-04-07
F2589,1.02,Materiel,2025-12-04
F2590,1.23,Services,2025-05-22
F2591,2499.89,Deplacements,2025-13-01
F2592,256.67,Services,2025-05-01
F2593,183.15,Marketing,2025-07-10
F2594,833.77,Logistique,2025-04-25
F2595,9649.06,Consulting,2025-10-15
F2596,32633.02,Materiel,2025-10-11
F2597,4063.72,Consulting,2025-03-27
F2598,5.12,Consulting,2025-07-22
F2599,1.69,Consulting,2025-11-15
F2600,338491.15,Deplacements,2025-02-20
F2601,2.52,Marketing,2025-07-12
F2602,165619.64,Deplacements,2025-08-02
F2603,24.67,Deplacements,2025-08-02
F2604,93100.38,Logistique,2025-12-16
F2605,215513.41,Fournitures,2025-02-10
F2606,2.6,Fournitures,2025-06-17
F2607,181872.93,Materiel,2025-09-24
F2608,42.11,Logistique,2025-01-01
F2609,219.44,Services,2025-04-25
F2610,1.95,Materiel,2025-06-16
F2611,11803.02,Fournitures,2025-05-08
F2612,1073.94,Logistique,2025-13-01
F2613,306891.44,Logistique,2025-07-16
F2614,4198.22,Fournitures,2025-04-24
F2615,474.94,Marketing,2025-08-20
F2616,10540.09,Services,2025-11-05
F2617,2774.63,Marketing,2025-02-23
F2618,1.02,Fournitures,2025-03-21
F2619,6.43,Deplacements,2025-12-21
F2620,1.28,Marketing,2025-12-14
F2621,5646.95,Consulting,2025-06-22
F2622,152.17,Consulting,2025-11-21
F2623,264650.6,Materiel,2025-04-26
F2624,8.66,Marketing,2025-12-04
F2625,19.9,Fournitures,2025-04-23
F2626,15.16,Fournitures,2025-02-26
F2627,378374.36,Fournitures,2025-01-23
F2628,18.8,Consulting,2025-07-24
F2629,7961.94,Consulting,2025-09-10
F2630,19231.23,Marketing,2025-08-04
F2631,2892.92,Materiel,2025-08-05
F2632,16.18,Logistique,2025-07-10
F2633,31.63,Fournitures,2025-13-28
F2634,22246.61,Deplacements,2025-13-26
F2635,1097.79,Marketing,2025-01-27
F2636,12624.77,Services,2025-02-06
F2637,259321.9,Marketing,2025-07-28
F2638,326603.62,Deplacements,2025-11-28
F2639,3.59,Materiel,2025-10-20
F2640,85.89,Marketing,2025-08-18
F2641,2.2,Fournitures,2025-10-19
F2642,25865.52,Deplacements,2025-12-23
F2643,13.55,Marketing,2025-08-24
F2644,155.23,Deplacements,2025-10-15
F2645,6835.06,Marketing,2025-09-03
F2646,208.72,Services,2025-05-06
F2647,15.71,Materiel,2025-08-02
F2648,1167.82,Logistique,2025-10-03
F2649,86361.59,Logistique,2025-05-05
F2650,2.13,Deplacements,2025-02-14
F2651,670.57,Services,2025-06-28
F2652,62.5,Logistique,2025-05-01
F2653,13807.61,Fournitures,2025-01-04
F2654,25436.4,Logistique,2025-11-08
F2655,22.67,Materiel,2025-13-27
F2656,2.82,Services,2025-04-08
F2657,38.96,Consulting,2025-04-19
F2658,123.45,Deplacements,2025-12-02
F2659,1.99,Logistique,2025-09-08
F2660,237.12,Fournitures,2025-13-27
F2661,93358.22,Logistique,2025-12-28
F2662,7510.91,Materiel,2025-10-18
F2663,33029.24,Marketing,2025-06-24
F2664,24.17,Marketing,2025-02-25
F2665,349837.67,Services,2025-06-28
F2666,36.13,Logistique,2025-06-05
F2667,6.27,Marketing,2025-12-24
F2668,75.2,Marketing,2025-04-16
F2669,5343.67,Deplacements,2025-10-06
F2670,19.41,Fournitures,2025-04-28
F2671,9.1,Marketing,2025-03-25
F2672,4.45,Logistique,2025-05-11
F2673,446258.59,Logistique,2025-07-07
F2674,189.99,Services,2025-04-23
F2675,66.81,Logistique,2025-03-03
F2676,12.59,Services,2025-03-10
F2677,106367.88,Logistique,2025-01-27
F2678,168.39,Marketing,2025-05-14
F2679,45725.67,Materiel,2025-09-20
F2680,73.61,Marketing,2025-08-23
F2681,430.98,Services,2025-04-15
F2682,75.32,Services,2025-04-21
F2683,2777.38,Services,2025-04-12
F2684,9525.59,Materiel,2025-02-16
F2685,86.72,Consulting,2025-07-17
F2686,434317.16,Consulting,2025-09-14
F2687,13.75,Services,2025-10-11
F2688,2.03,Consulting,2025-05-25
F2689,298073.02,Marketing,2025-12-14
F2690,5.49,Fournitures,2025-12-24
F2691,35299.99,Marketing,2025-11-06
F2692,54231.06,Materiel,2025-01-08
F2693,199.4,Fournitures,2025-03-19
F2694,14290.12,Fournitures,2025-03-22
F2695,14449.58,Logistique,2025-12-24
F2696,284.04,Marketing,2025-03-21
F2697,178.06,Deplacements,2025-05-09
F2698,111294.84,Fournitures,2025-06-12
F2699,692.01,Consulting,2025-11-26
F2700,9748.05,Consulting,2025-10-25
F2701,317.69,Fournitures,2025-05-09
F2702,24820.87,Consulting,2025-07-21
F2703,3.76,Consulting,2025-02-14
F2704,9022.21,Services,2025-12-13
F2705,13941.15,Materiel,2025-05-04
F2706,4.19,Materiel,2025-07-13
F2707,180614.67,Fournitures,2025-12-01
F2708,3896.53,Materiel,2025-01-19
F2709,370.21,Services,2025-09-07
F2710,12264.66,Marketing,2025-09-02
F2711,2.16,Consulting,2025-02-22
F2712,1100.65,Fournitures,2025-04-13
F2713,11.86,Materiel,2025-12-24
F2714,166764.31,Materiel,2025-12-25
F2715,204.12,Consulting,2025-06-05
F2716,97.41,Materiel,2025-13-01
F2717,1716.82,Deplacements,2025-03-22
F2718,2.66,Marketing,2025-11-05
F2719,5.47,Materiel,2025-08-15
F2720,4691,Fournitures,2025-06-25
F2721,51.44,Fournitures,2025-06-17
F2722,1.51,Deplacements,2025-07-14
F2723,16746.69,Marketing,2025-02-03
F2724,307471.56,Marketing,2025-03-01
F2725,19.32,Consulting,2025-02-25
F2726,170738.93,Fournitures,2025-10-16
F2727,181453.2,Marketing,2025-05-03
F2728,181.47,Logistique,2025-01-12
F2729,71477.6,Materiel,2025-05-01
F2730,53621.92,Marketing,2025-12-27
F2731,2.22,Consulting,2025-10-13
F2732,19713.67,Deplacements,2025-07-13
F2733,2483.22,Logistique,2025-01-14
F2734,1.24,Fournitures,2025-08-12
F2735,1.97,Materiel,2025-07-18
F2736,7478.93,Deplacements,2025-05-10
F2737,1.3,Fournitures,2025-11-20
F2738,3073.47,Logistique,2025-03-24
F2739,1.21,Materiel,2025-12-11
F2740,84959.18,Fournitures,2025-01-17
F2741,77993.74,Services,2025-12-27
F2742,172148.73,Logistique,2025-07-02
F2743,40.39,Materiel,2025-06-28
F2744,1859.7,Logistique,2025-09-09
F2745,7439.45,Services,2025-10-06
F2746,11767.9,Materiel,2025-05-10
F2747,68.67,Marketing,2025-09-18
F2748,82366.12,Services,2025-04-03
F2749,153.98,Marketing,2025-08-14
F2750,52.04,Marketing,2025-01-11
F2751,15.92,Materiel,2025-01-15
F2752,208744.63,Materiel,2025-08-15
F2753,88652.69,Deplacements,2025-04-26
F2754,7.43,Materiel,2025-04-18
F2755,91009.84,Deplacements,2025-03-20
F2756,2429.22,Fournitures,2025-08-26
F2757,68.87,Consulting,2025-06-09
F2758,1.95,Marketing,2025-10-10
F2759,34806.43,Logistique,2025-07-07
F2760,280551.57,Consulting,2025-08-26
F2761,24345.61,Logistique,2025-06-13
F2762,2333.66,Logistique,2025-09-23
F2763,1.98,Logistique,2025-11-22
F2764,12.31,Services,2025-06-01
F2765,319.55,Deplacements,2025-04-23
F2766,250.5,Consulting,2025-10-09
F2767,358.45,Services,2025-11-10
F2768,2236,Deplacements,2025-06-21
F2769,6.12,Materiel,2025-09-24
F2770,32.96,Services,2025-06-26
F2771,2292.18,Marketing,2025-10-12
F2772,10037.33,Consulting,2025-06-21
F2773,276785.69,Materiel,2025-03-05
F2774,664.56,Fournitures,2025-07-09
F2775,47679.59,Services,2025-12-27
F2776,75.52,Logistique,2025-09-13
F2777,112752.64,Marketing,2025-05-16
F2778,1236.88,Logistique,2025-13-26
F2779,1331.01,Materiel,2025-07-09
F2780,4057.4,Marketing,2025-03-04
F2781,31.93,Logistique,2025-01-04
F2782,72855.96,Deplacements,2025-03-19
F2783,355129.84,Fournitures,2025-02-01
F2784,2427.29,Marketing,2025-07-24
F2785,2511.76,Marketing,2025-08-16
F2786,121061.34,Materiel,2025-09-10
F2787,1.2,Marketing,2025-01-23
F2788,146035.82,Materiel,2025-07-15
F2789,94.22,Deplacements,2025-02-05
F2790,368.74,Logistique,2025-11-17
F2791,97267.64,Logistique,2025-03-05
F2792,2.71,Logistique,2025-09-06
F2793,1.58,Services,2025-08-22
F2794,1.19,Services,2025-13-26
F2795,119786.77,Marketing,2025-08-01
F2796,3771.86,Fournitures,2025-01-04
F2797,78395.48,Deplacements,2025-11-03
F2798,14342.67,Marketing,2025-04-20
F2799,19.05,Fournitures,2025-02-23
F2800,410.2,Deplacements,2025-01-19
F2801,61377.83,Fournitures,2025-02-19
F2802,11.48,Materiel,2025-09-11
F2803,1569.38,Consulting,2025-08-18
F2804,65234.23,Deplacements,2025-06-12
F2805,12323.74,Materiel,2025-03-06
F2806,18807.58,Materiel,2025-06-25
F2807,38.85,Consulting,2025-10-08
F2808,3.58,Fournitures,2025-09-24
F2809,1.99,Fournitures,2025-08-24
F2810,487.01,Materiel,2025-05-12
F2811,3.99,Marketing,2025-12-07
F2812,45.01,Marketing,2025-08-16
F2813,14.41,Materiel,2025-03-25
F2814,446422.15,Fournitures,2025-10-10
F2815,97.1,Deplacements,2025-12-28
F2816,38.6,Deplacements,2025-09-07
F2817,33486.59,Fournitures,2025-12-23
F2818,12242.56,Fournitures,2025-13-28
F2819,75.47,Marketing,2025-08-12
F2820,1.66,Materiel,2025-10-22
F2821,160906.67,Logistique,2025-07-03
F2822,737.2,Materiel,2025-01-02
F2823,33621.08,Logistique,2025-10-13
F2824,57788.76,Marketing,2025-11-02
F2825,63,Consulting,2025-02-20
F2826,21433.63,Services,2025-09-20
F2827,12.91,Deplacements,2025-08-02
F2828,61692.77,Deplacements,2025-03-05
F2829,998.11,Materiel,2025-09-22
F2830,341.82,Logistique,2025-08-13
F2831,6648.29,Deplacements,2025-10-24
F2832,838.93,Deplacements,2025-03-03
F2833,452341.08,Consulting,2025-01-12
F2834,2895.02,Fournitures,2025-01-15
F2835,39389.9,Materiel,2025-02-03
F2836,1.18,Services,2025-07-28
F2837,52.33,Materiel,2025-06-17
F2838,36.93,Logistique,2025-13-27
F2839,14.28,Materiel,2025-06-23
F2840,39808.08,Deplacements,2025-02-23
F2841,1654.65,Fournitures,2025-10-20
F2842,5646.12,Deplacements,2025-01-12
F2843,1.8,Fournitures,2025-08-27
F2844,5.1,Materiel,2025-11-09
F2845,34785.15,Materiel,2025-11-04
F2846,88805.51,Fournitures,2025-12-08
F2847,1917.71,Fournitures,2025-08-23
F2848,175.83,Services,2025-12-02
F2849,5.43,Services,2025-06-22
F2850,181147.05,Fournitures,2025-11-25
F2851,734.59,Materiel,2025-10-11
F2852,296224.39,Consulting,2025-11-22
F2853,115643.98,Consulting,2025-01-11
F2854,181.81,Consulting,2025-05-10
F2855,14242.19,Fournitures,2025-05-03
F2856,1545.67,Deplacements,2025-09-19
F2857,122975.58,Marketing,2025-12-03
F2858,11907.06,Marketing,2025-13-28
F2859,461.49,Marketing,2025-01-13
F2860,270.43,Consulting,2025-04-24
F2861,17.79,Services,2025-04-09
F2862,110576.66,Marketing,2025-05-16
F2863,4372.06,Consulting,2025-04-27
F2864,6.73,Services,2025-10-26
F2865,12.88,Materiel,2025-07-20
F2866,60.88,Marketing,2025-03-08
F2867,237.08,Deplacements,2025-01-05
F2868,1881.63,Fournitures,2025-01-22
F2869,1.45,Consulting,2025-01-13
F2870,1147.45,Services,2025-12-25
F2871,1680.05,Consulting,2025-12-06
F2872,36018.94,Fournitures,2025-03-03
F2873,77904.65,Fournitures,2025-03-06
F2874,588.11,Deplacements,2025-03-21
F2875,11782.04,Logistique,2025-08-23
F2876,45369.06,Materiel,2025-08-06
F2877,40820.71,Marketing,2025-03-23
F2878,7656.56,Consulting,2025-03-08
F2879,7556.5,Services,2025-12-24
F2880,19.75,Consulting,2025-10-16
F2881,2.34,Deplacements,2025-01-15
F2882,328843.04,Marketing,2025-02-11
F2883,38814.39,Fournitures,2025-12-28
F2884,2.4,Services,2025-02-21
F2885,5500.77,Logistique,2025-10-16
F2886,58869.16,Deplacements,2025-12-25
F2887,401129.68,Materiel,2025-13-26
F2888,33.86,Services,2025-02-06
F2889,5682.93,Consulting,2025-06-22
F2890,1130.18,Materiel,2025-05-24
F2891,3.34,Materiel,2025-01-03
F2892,14.18,Services,2025-09-08
F2893,13722.98,Marketing,2025-08-18
F2894,116.65,Fournitures,2025-12-04
F2895,7.47,Fournitures,2025-05-28
F2896,179192.5,Consulting,2025-07-14
F2897,247687.6,Marketing,2025-08-23
F2898,29088.88,Deplacements,2025-05-20
F2899,182799.93,Consulting,2025-04-16
F2900,53385.14,Logistique,2025-02-21
F2901,2.63,Services,2025-07-27
F2902,57377.11,Deplacements,2025-05-09
F2903,4.07,Consulting,2025-09-18
F2904,21.45,Marketing,2025-05-27
F2905,3380.53,Materiel,2025-09-14
F2906,66295.07,Marketing,2025-02-21
F2907,234.5,Fournitures,2025-11-19
F2908,1,Fournitures,2025-07-13
F2909,2193.17,Materiel,2025-04-12
F2910,9609.91,Deplacements,2025-03-17
F2911,16220.69,Materiel,2025-06-22
F2912,1407.1,Fournitures,2025-13-28
F2913,13.77,Fournitures,2025-08-24
F2914,290466.97,Deplacements,2025-12-23
F2915,27.06,Marketing,2025-08-15
F2916,2838.33,Deplacements,2025-09-15
F2917,578.27,Logistique,2025-06-24
F2918,180782.01,Deplacements,2025-12-15
F2919,37.9,Marketing,2025-01-19
F2920,25403.82,Fournitures,2025-10-22
F2921,389.96,Logistique,2025-09-11
F2922,21397.24,Materiel,2025-08-14
F2923,452.25,Marketing,2025-07-05
F2924,45191.7,Deplacements,2025-09-05
F2925,2.72,Marketing,2025-01-08
F2926,4397.81,Logistique,2025-11-05
F2927,45955.85,Consulting,2025-06-24
F2928,1999.72,Marketing,2025-04-09
F2929,33.54,Marketing,2025-05-04
F2930,355.84,Services,2025-01-26
F2931,1233.8,Fournitures,2025-07-16
F2932,290.91,Deplacements,2025-12-06
F2933,2.54,Marketing,2025-10-07
F2934,66241.48,Marketing,2025-05-23
F2935,1469.35,Consulting,2025-01-14
F2936,14.36,Deplacements,2025-08-24
F2937,35.68,Fournitures,2025-01-04
F2938,15,Logistique,2025-02-08
F2939,8.49,Services,2025-04-21
F2940,6.1,Consulting,2025-03-04
F2941,134.94,Logistique,2025-02-12
F2942,19.45,Logistique,2025-06-28
F2943,2069.73,Deplacements,2025-02-21
F2944,134.36,Materiel,2025-09-24
F2945,675.08,Deplacements,2025-08-19
F2946,2823.18,Deplacements,2025-12-23
F2947,308599.96,Fournitures,2025-12-04
F2948,28480.39,Marketing,2025-01-09
F2949,55272.88,Materiel,2025-02-13
F2950,188.36,Consulting,2025-03-06
F2951,2205.16,Consulting,2025-05-01
F2952,4332.07,Marketing,2025-05-13
F2953,435458.02,Fournitures,2025-07-27
F2954,9.27,Materiel,2025-09-12
F2955,208.99,Logistique,2025-01-19
F2956,3977.56,Marketing,2025-04-28
F2957,28279.24,Materiel,2025-02-18
F2958,210272.2,Consulting,2025-09-03
F2959,465.45,Consulting,2025-03-04
F2960,21458.62,Marketing,2025-01-25
F2961,1.38,Fournitures,2025-07-28
F2962,37.32,Consulting,2025-09-12
F2963,9.91,Services,2025-07-23
F2964,966.75,Materiel,2025-12-04
F2965,66.22,Fournitures,2025-02-02
F2966,7672.31,Logistique,2025-05-26
F2967,5006.52,Materiel,2025-13-27
F2968,19460.71,Marketing,2025-08-20
F2969,1369.94,Logistique,2025-05-11
F2970,71287.63,Materiel,2025-11-25
F2971,82634.81,Materiel,2025-02-02
F2972,1940.96,Fournitures,2025-06-19
F2973,1.53,Services,2025-08-09
F2974,213.26,Marketing,2025-01-09
F2975,485.69,Deplacements,2025-05-21
F2976,14065.07,Consulting,2025-09-01
F2977,3.77,Consulting,2025-06-10
F2978,2.8,Materiel,2025-06-12
F2979,2608.27,Fournitures,2025-10-08
F2980,5321.96,Logistique,2025-02-07
F2981,24.41,Materiel,2025-01-10
F2982,479603.79,Fournitures,2025-08-02
F2983,234501.71,Consulting,2025-08-09
F2984,1.34,Marketing,2025-01-02
F2985,83.78,Fournitures,2025-03-06
F2986,65.65,Deplacements,2025-03-14
F2987,15.99,Materiel,2025-09-15
F2988,64.23,Consulting,2025-11-13
F2989,10311.35,Services,2025-02-11
F2990,375.66,Materiel,2025-09-04
F2991,12.27,Marketing,2025-06-25
F2992,178178.54,Consulting,2025-02-18
F2993,15.9,Logistique,2025-02-16
F2994,9425.36,Marketing,2025-07-26
F2995,41807.14,Logistique,2025-08-11
F2996,57439.97,Materiel,2025-08-12
F2997,14844.18,Marketing,2025-11-08
F2998,40061.33,Fournitures,2025-02-04
F2999,28987.42,Fournitures,2025-04-22