id,montant,fournisseur,date
TX5000,51.88,Epsilon Consulting,2025-05-19
TX5001,2210.12,Alpha SARL,2025-09-02
TX5002,30.65,Delta Trading,2025-06-18
TX5003,18141,Gamma Services,2025-04-24
TX5004,5000,Epsilon Consulting,2025-12-23
TX5005,5000,Delta Trading,2025-04-28
TX5006,9392.14,Alpha SARL,2025-13-02
TX5007,10.81,Gamma Services,2025-09-03
TX5008,756.34,Gamma Services,2025-12-23
TX5009,119.63,Gamma Services,2025-05-26
TX5010,116.6,Epsilon Consulting,2025-04-08
TX5011,90.5,Delta Trading,2025-05-28
TX5012,2500,Epsilon Consulting,2025-11-14
TX5013,40996.62,Beta Corp,2025-09-07
TX5014,2500,Alpha SARL,2025-05-01
TX5015,5000,Epsilon Consulting,2025-04-17
TX5016,5000,Alpha SARL,2025-01-13
TX5017,9149.92,Alpha SARL,2025-01-11
TX5018,20.32,Beta Corp,2025-06-26
TX5019,2500,Delta Trading,2025-12-24
TX5020,303.63,Gamma Services,2025-08-26
TX5021,5002.6,Epsilon Consulting,2025-02-13
TX5022,500,Epsilon Consulting,2025-03-06
TX5023,5360.73,Epsilon Consulting,2025-07-17
TX5024,2500,Delta Trading,2025-10-12
TX5025,25.91,Epsilon Consulting,2025-04-17
TX5026,3251.92,Beta Corp,2025-04-06
TX5027,9720.13,Beta Corp,2025-03-28
TX5028,9000,Delta Trading,2025-11-21
TX5029,9043.2,Beta Corp,2025-02-12
TX5030,162.42,Beta Corp,2025-01-11
TX5031,49488.27,Epsilon Consulting,2025-04-02
TX5032,5392.41,Epsilon Consulting,2025-02-05
TX5033,5750.09,Beta Corp,2025-07-03
TX5034,1000,Alpha SARL,2025-04-11
TX5035,5519.97,Epsilon Consulting,2025-04-06
TX5036,1931.15,Delta Trading,2025-07-14
TX5037,9006.76,Gamma Services,2025-04-18
TX5038,396.6,Gamma Services,2025-08-05
TX5039,9796.73,Beta Corp,2025-12-02
TX5040,500,Epsilon Consulting,2025-05-08
TX5041,1500,Epsilon Consulting,2025-02-28
TX5042,253.48,Alpha SARL,2025-04-26
TX5043,1000,Alpha SARL,2025-01-09
TX5044,9308.16,Beta Corp,2025-11-19
TX5045,2000,Delta Trading,2025-11-14
TX5046,9000,Beta Corp,2025-11-25
TX5047,5088.37,Beta Corp,2025-01-01
TX5048,1000,Gamma Services,2025-12-04
TX5049,9781.67,Gamma Services,2025-05-20
TX5050,52.08,Gamma Services,2025-05-26
TX5051,5690.92,Beta Corp,2025-05-07
TX5052,9500,Alpha SARL,2025-02-05
TX5053,949.41,Delta Trading,2025-06-19
TX5054,9500,Epsilon Consulting,2025-06-08
TX5055,255.82,Gamma Services,2025-03-18
TX5056,269.04,Gamma Services,2025-11-12
TX5057,11801.84,Beta Corp,2025-09-23
TX5058,1003.16,Beta Corp,2025-03-08
TX5059,9504.22,Epsilon Consulting,2025-02-04
TX5060,2000,Delta Trading,2025-03-10
TX5061,32997.77,Gamma Services,2025-12-24
TX5062,9553.57,Delta Trading,2025-07-25
TX5063,2500,Epsilon Consulting,2025-07-04
TX5064,151.98,Delta Trading,2025-12-20
TX5065,26.43,Beta Corp,2025-08-09
TX5066,17.92,Alpha SARL,2025-04-21
TX5067,5337.24,Alpha SARL,2025-10-26
TX5068,9500,Alpha SARL,2025-05-09
TX5069,99.9,Gamma Services,2025-08-24
TX5070,17488.86,Epsilon Consulting,2025-06-06
TX5071,3508.43,Beta Corp,2025-01-22
TX5072,307.61,Beta Corp,2025-05-01
TX5073,5289.41,Delta Trading,2025-09-24
TX5074,9528.22,Epsilon Consulting,2025-10-19
TX5075,37.2,Beta Corp,2025-01-15
TX5076,9709.89,Epsilon Consulting,2025-06-09
TX5077,299.3,Beta Corp,2025-03-18
TX5078,9500,Epsilon Consulting,2025-08-15
TX5079,9728.42,Delta Trading,2025-03-03
TX5080,1000,Delta Trading,2025-11-05
TX5081,9242.88,Alpha SARL,2025-12-16
TX5082,9581.24,Epsilon Consulting,2025-10-20
TX5083,1000,Epsilon Consulting,2025-02-14
TX5084,9595.59,Alpha SARL,2025-07-11
TX5085,9500,Alpha SARL,2025-02-24
TX5086,9000,Alpha SARL,2025-09-03
TX5087,9439.45,Epsilon Consulting,2025-03-18
TX5088,5164.95,Delta Trading,2025-12-20
TX5089,6636.84,Alpha SARL,2025-09-18
TX5090,9000,Epsilon Consulting,2025-02-13
TX5091,872.13,Beta Corp,2025-07-11
TX5092,33857.14,Alpha SARL,2025-05-02
TX5093,9625.04,Delta Trading,2025-05-25
TX5094,27738,Beta Corp,2025-03-13
TX5095,174.5,Beta Corp,2025-06-01
TX5096,9500,Delta Trading,2025-07-12
TX5097,70.09,Gamma Services,2025-03-27
TX5098,9828.47,Beta Corp,2025-11-26
TX5099,27.92,Epsilon Consulting,2025-07-10
TX5100,1871.2,Epsilon Consulting,2025-07-07
TX5101,9556.48,Epsilon Consulting,2025-08-28
TX5102,25.82,Epsilon Consulting,2025-03-13
TX5103,2456.8,Delta Trading,2025-02-02
TX5104,12589.16,Alpha SARL,2025-10-20
TX5105,1000,Epsilon Consulting,2025-05-08
TX5106,357.9,Alpha SARL,2025-12-07
TX5107,13.38,Delta Trading,2025-08-16
TX5108,500,Delta Trading,2025-01-05
TX5109,18.36,Epsilon Consulting,2025-07-05
TX5110,2000,Alpha SARL,2025-12-14
TX5111,9500,Beta Corp,2025-01-28
TX5112,83.38,Gamma Services,2025-09-25
TX5113,5000,Gamma Services,2025-05-18
TX5114,1000,Beta Corp,2025-06-09
TX5115,5000,Epsilon Consulting,2025-09-04
TX5116,24.08,Epsilon Consulting,2025-10-14
TX5117,9000,Alpha SARL,2025-07-13
TX5118,5276.95,Epsilon Consulting,2025-12-12
TX5119,2000,Alpha SARL,2025-07-26
TX5120,4954.98,Beta Corp,2025-07-15
TX5121,1572.19,Beta Corp,2025-02-19
TX5122,1500,Alpha SARL,2025-11-16
TX5123,110.83,Delta Trading,2025-11-22
TX5124,34169.93,Epsilon Consulting,2025-11-24
TX5125,9666.72,Epsilon Consulting,2025-09-25
TX5126,16545.55,Gamma Services,2025-05-20
TX5127,500,Delta Trading,2025-09-09
TX5128,39209.09,Epsilon Consulting,2025-10-19
TX5129,5368.22,Alpha SARL,2025-01-17
TX5130,5186.47,Beta Corp,2025-09-18
TX5131,2000,Epsilon Consulting,2025-03-05
TX5132,25.65,Delta Trading,2025-05-04
TX5133,5811.04,Epsilon Consulting,2025-02-28
TX5134,10311.79,Alpha SARL,2025-10-21
TX5135,320.45,Alpha SARL,2025-08-04
TX5136,9500,Gamma Services,2025-01-02
TX5137,1500,Alpha SARL,2025-05-27
TX5138,5604.66,Epsilon Consulting,2025-02-24
TX5139,477.68,Beta Corp,2025-10-25
TX5140,5211.13,Gamma Services,2025-05-10
TX5141,5579.57,Gamma Services,2025-11-19
TX5142,9864.14,Delta Trading,2025-10-22
TX5143,5247.32,Delta Trading,2025-09-17
TX5144,9500,Alpha SARL,2025-09-16
TX5145,5855.43,Epsilon Consulting,2025-05-12
TX5146,9117.83,Gamma Services,2025-10-27
TX5147,93.25,Delta Trading,2025-12-20
TX5148,9000,Epsilon Consulting,2025-03-21
TX5149,1000,Epsilon Consulting,2025-11-24
TX5150,16404.92,Delta Trading,2025-08-08
TX5151,305.45,Epsilon Consulting,2025-05-09
TX5152,2500,Delta Trading,2025-02-15
TX5153,105.82,Delta Trading,2025-04-11
TX5154,7792.61,Beta Corp,2025-04-27
TX5155,1000,Delta Trading,2025-06-11
TX5156,558.62,Delta Trading,2025-13-01
TX5157,2500,Delta Trading,2025-03-08
TX5158,9335.51,Beta Corp,2025-10-01
TX5159,5456.48,Gamma Services,2025-12-24
TX5160,9683.62,Delta Trading,2025-03-18
TX5161,1500,Gamma Services,2025-04-05
TX5162,1500,Delta Trading,2025-01-05
TX5163,5260.05,Epsilon Consulting,2025-02-04
TX5164,9500,Gamma Services,2025-10-02
TX5165,9500,Epsilon Consulting,2025-02-11
TX5166,9000,Epsilon Consulting,2025-06-04
TX5167,2673.99,Beta Corp,2025-12-05
TX5168,8025.27,Beta Corp,2025-04-07
TX5169,4398.13,Epsilon Consulting,2025-11-04
TX5170,5394.78,Epsilon Consulting,2025-05-02
TX5171,5171.97,Alpha SARL,2025-06-02
TX5172,9643.71,Epsilon Consulting,2025-11-17
TX5173,736.99,Beta Corp,2025-01-21
TX5174,1000,Alpha SARL,2025-09-04
TX5175,9252.03,Beta Corp,2025-02-12
TX5176,70.41,Alpha SARL,2025-01-07
TX5177,2000,Alpha SARL,2025-07-20
TX5178,75.61,Beta Corp,2025-10-28
TX5179,5000,Gamma Services,2025-12-17
TX5180,9500,Alpha SARL,2025-11-01
TX5181,9487.36,Epsilon Consulting,2025-03-12
TX5182,5208.86,Alpha SARL,2025-08-20
TX5183,1500,Gamma Services,2025-12-06
TX5184,5000,Alpha SARL,2025-02-11
TX5185,9000,Alpha SARL,2025-13-02
TX5186,182.55,Alpha SARL,2025-02-03
TX5187,9093.74,Beta Corp,2025-08-20
TX5188,1859.87,Alpha SARL,2025-12-07
TX5189,2000,Gamma Services,2025-12-17
TX5190,1000,Alpha SARL,2025-04-16
TX5191,5163.16,Beta Corp,2025-10-23
TX5192,20.58,Delta Trading,2025-09-08
TX5193,9275.71,Alpha SARL,2025-01-18
TX5194,181.67,Alpha SARL,2025-02-15
TX5195,9672.62,Epsilon Consulting,2025-09-26
TX5196,341.92,Gamma Services,2025-06-21
TX5197,9000,Beta Corp,2025-01-08
TX5198,45.81,Delta Trading,2025-12-24
TX5199,2500,Gamma Services,2025-07-02
TX5200,1401.31,Beta Corp,2025-01-01
TX5201,9687.33,Delta Trading,2025-08-05
TX5202,18174.04,Delta Trading,2025-09-18
TX5203,9851.95,Beta Corp,2025-12-01
TX5204,18.53,Beta Corp,2025-08-13
TX5205,5075.12,Gamma Services,2025-04-07
TX5206,9652.56,Epsilon Consulting,2025-06-02
TX5207,49341.37,Gamma Services,2025-10-27
TX5208,5000,Epsilon Consulting,2025-12-23
TX5209,74.61,Beta Corp,2025-07-19
TX5210,72.38,Gamma Services,2025-11-24
TX5211,9674.11,Gamma Services,2025-09-21
TX5212,82.93,Epsilon Consulting,2025-11-07
TX5213,2000,Epsilon Consulting,2025-09-15
TX5214,26077.57,Alpha SARL,2025-10-28
TX5215,1500,Delta Trading,2025-12-14
TX5216,8173.42,Epsilon Consulting,2025-09-11
TX5217,500,Beta Corp,2025-02-12
TX5218,1500,Gamma Services,2025-10-16
TX5219,3881.05,Delta Trading,2025-02-07
TX5220,9500,Gamma Services,2025-05-25
TX5221,31.6,Epsilon Consulting,2025-12-14
TX5222,5000,Delta Trading,2025-12-07
TX5223,45.31,Delta Trading,2025-03-04
TX5224,9500,Beta Corp,2025-10-02
TX5225,1260.87,Delta Trading,2025-10-27
TX5226,9480.43,Epsilon Consulting,2025-04-05
TX5227,9595.01,Delta Trading,2025-11-01
TX5228,2000,Epsilon Consulting,2025-08-11
TX5229,1500,Epsilon Consulting,2025-01-14
TX5230,5286.02,Alpha SARL,2025-10-22
TX5231,4184.45,Delta Trading,2025-07-03
TX5232,1127.42,Beta Corp,2025-01-04
TX5233,5000,Gamma Services,2025-05-14
TX5234,500,Delta Trading,2025-03-03
TX5235,5000,Beta Corp,2025-04-06
TX5236,1000,Gamma Services,2025-04-12
TX5237,30.13,Alpha SARL,2025-06-12
TX5238,1899.48,Alpha SARL,2025-03-06
TX5239,2500,Gamma Services,2025-09-17
TX5240,5875.09,Beta Corp,2025-03-17
TX5241,9000,Gamma Services,2025-05-03
TX5242,21.51,Beta Corp,2025-12-09
TX5243,111.32,Gamma Services,2025-07-14
TX5244,9815.1,Gamma Services,2025-03-17
TX5245,9000,Alpha SARL,2025-01-23
TX5246,11676.58,Alpha SARL,2025-09-04
TX5247,9585.82,Beta Corp,2025-04-08
TX5248,475.13,Delta Trading,2025-08-03
TX5249,222.68,Gamma Services,2025-03-05
TX5250,57.03,Gamma Services,2025-09-16
TX5251,500,Delta Trading,2025-05-21
TX5252,9500,Delta Trading,2025-10-24
TX5253,327.46,Epsilon Consulting,2025-06-17
TX5254,9567.98,Delta Trading,2025-06-11
TX5255,1114.07,Gamma Services,2025-07-13
TX5256,9339.14,Beta Corp,2025-12-02
TX5257,9525.14,Alpha SARL,2025-11-27
TX5258,1804.43,Delta Trading,2025-04-14
TX5259,1500,Gamma Services,2025-02-15
TX5260,500,Alpha SARL,2025-02-22
TX5261,5339.7,Epsilon Consulting,2025-05-18
TX5262,766.08,Gamma Services,2025-05-04
TX5263,1000,Delta Trading,2025-06-18
TX5264,945.77,Alpha SARL,2025-05-05
TX5265,1000,Epsilon Consulting,2025-08-16
TX5266,5245.98,Gamma Services,2025-02-04
TX5267,20.43,Gamma Services,2025-09-12
TX5268,2500,Delta Trading,2025-01-09
TX5269,9500,Gamma Services,2025-07-23
TX5270,7377.97,Alpha SARL,2025-02-10
TX5271,65.53,Delta Trading,2025-05-21
TX5272,5302.49,Epsilon Consulting,2025-12-08
TX5273,5734.84,Delta Trading,2025-11-27
TX5274,9109.41,Alpha SARL,2025-01-16
TX5275,1000,Beta Corp,2025-06-05
TX5276,9000,Gamma Services,2025-03-20
TX5277,2000,Delta Trading,2025-01-05
TX5278,2000,Beta Corp,2025-13-28
TX5279,811.14,Alpha SARL,2025-04-25
TX5280,8342.51,Gamma Services,2025-11-14
TX5281,2714.67,Beta Corp,2025-02-15
TX5282,44582.87,Gamma Services,2025-12-08
TX5283,242.59,Alpha SARL,2025-02-21
TX5284,6253.2,Epsilon Consulting,2025-01-03
TX5285,9000,Delta Trading,2025-02-18
TX5286,29.99,Gamma Services,2025-03-05
TX5287,41743.9,Beta Corp,2025-11-22
TX5288,375.46,Beta Corp,2025-04-11
TX5289,100.87,Alpha SARL,2025-06-27
TX5290,500,Beta Corp,2025-02-04
TX5291,459.97,Gamma Services,2025-04-06
TX5292,5767.42,Beta Corp,2025-02-14
TX5293,1500,Beta Corp,2025-04-16
TX5294,886.78,Alpha SARL,2025-13-25
TX5295,9347.61,Delta Trading,2025-08-13
TX5296,1957.49,Epsilon Consulting,2025-05-12
TX5297,5139.34,Delta Trading,2025-12-05
TX5298,500,Gamma Services,2025-12-17
TX5299,15254.53,Beta Corp,2025-08-22
TX5300,35.46,Delta Trading,2025-07-22
TX5301,9304.78,Gamma Services,2025-01-19
TX5302,2500,Epsilon Consulting,2025-04-01
TX5303,1000,Beta Corp,2025-07-02
TX5304,109.25,Delta Trading,2025-09-18
TX5305,2000,Delta Trading,2025-12-25
TX5306,47.26,Delta Trading,2025-03-22
TX5307,9672.62,Alpha SARL,2025-08-16
TX5308,500,Epsilon Consulting,2025-02-01
TX5309,5000,Delta Trading,2025-09-14
TX5310,9000,Gamma Services,2025-06-12
TX5311,987.09,Beta Corp,2025-07-02
TX5312,750.21,Gamma Services,2025-12-14
TX5313,491.4,Alpha SARL,2025-05-18
TX5314,500,Epsilon Consulting,2025-03-06
TX5315,2245.37,Epsilon Consulting,2025-03-06
TX5316,9690.74,Epsilon Consulting,2025-06-25
TX5317,5229.84,Epsilon Consulting,2025-04-10
TX5318,100.43,Delta Trading,2025-03-06
TX5319,5000,Delta Trading,2025-02-20
TX5320,9256.1,Gamma Services,2025-02-03
TX5321,3486.75,Gamma Services,2025-12-28
TX5322,4609.84,Delta Trading,2025-10-20
TX5323,31.54,Gamma Services,2025-01-09
TX5324,9285.29,Beta Corp,2025-07-11
TX5325,5767.29,Alpha SARL,2025-03-16
TX5326,5249.06,Delta Trading,2025-05-11
TX5327,9303.09,Beta Corp,2025-09-04
TX5328,5809.09,Epsilon Consulting,2025-09-18
TX5329,395.8,Alpha SARL,2025-06-03
TX5330,5143.46,Gamma Services,2025-02-01
TX5331,22.61,Epsilon Consulting,2025-10-14
TX5332,1500,Beta Corp,2025-08-20
TX5333,5610.68,Gamma Services,2025-06-12
TX5334,5886.28,Beta Corp,2025-04-15
TX5335,9000,Delta Trading,2025-02-18
TX5336,1212.76,Gamma Services,2025-10-10
TX5337,55.95,Epsilon Consulting,2025-02-08
TX5338,36.03,Alpha SARL,2025-05-12
TX5339,2000,Alpha SARL,2025-03-24
TX5340,9389.69,Delta Trading,2025-07-15
TX5341,12429.04,Gamma Services,2025-08-25
TX5342,9500,Delta Trading,2025-01-19
TX5343,5068.45,Delta Trading,2025-07-20
TX5344,1000,Beta Corp,2025-02-06
TX5345,9146.54,Gamma Services,2025-02-22
TX5346,8824.38,Gamma Services,2025-02-28
TX5347,2000,Alpha SARL,2025-05-16
TX5348,9500,Beta Corp,2025-07-26
TX5349,5505.3,Alpha SARL,2025-10-01
TX5350,12.4,Alpha SARL,2025-02-03
TX5351,5265.77,Alpha SARL,2025-03-05
TX5352,1500,Epsilon Consulting,2025-02-04
TX5353,86.65,Gamma Services,2025-01-19
TX5354,1000,Delta Trading,2025-06-15
TX5355,32965.95,Delta Trading,2025-02-05
TX5356,2500,Epsilon Consulting,2025-02-15
TX5357,9756.18,Alpha SARL,2025-12-26
TX5358,5000,Beta Corp,2025-08-11
TX5359,341.82,Alpha SARL,2025-07-25
TX5360,9521.1,Delta Trading,2025-06-08
TX5361,9035.1,Delta Trading,2025-02-22
TX5362,5000,Beta Corp,2025-01-09
TX5363,184.63,Gamma Services,2025-11-15
TX5364,5000,Gamma Services,2025-07-05
TX5365,9647.45,Epsilon Consulting,2025-07-23
TX5366,9000,Epsilon Consulting,2025-06-14
TX5367,500,Epsilon Consulting,2025-11-12
TX5368,9738.53,Gamma Services,2025-07-13
TX5369,16648.66,Beta Corp,2025-07-06
TX5370,2252.34,Epsilon Consulting,2025-12-18
TX5371,1402.34,Delta Trading,2025-02-01
TX5372,1352.82,Gamma Services,2025-09-05
TX5373,257.51,Epsilon Consulting,2025-08-26
TX5374,5000,Gamma Services,2025-08-25
TX5375,2000,Epsilon Consulting,2025-01-26
TX5376,103.26,Alpha SARL,2025-11-08
TX5377,9500,Delta Trading,2025-09-17
TX5378,499.63,Delta Trading,2025-12-25
TX5379,2000,Epsilon Consulting,2025-07-24
TX5380,9553.37,Delta Trading,2025-07-10
TX5381,5218.82,Epsilon Consulting,2025-01-18
TX5382,8248.26,Beta Corp,2025-10-15
TX5383,5213.85,Delta Trading,2025-04-13
TX5384,5000,Beta Corp,2025-05-15
TX5385,227,Alpha SARL,2025-03-22
TX5386,2500,Alpha SARL,2025-10-26
TX5387,9500,Alpha SARL,2025-04-11
TX5388,3439.82,Epsilon Consulting,2025-06-28
TX5389,101.67,Alpha SARL,2025-02-12
TX5390,1500,Gamma Services,2025-03-23
TX5391,5760.94,Epsilon Consulting,2025-04-21
TX5392,1500,Delta Trading,2025-10-16
TX5393,5718.53,Beta Corp,2025-02-16
TX5394,237.44,Beta Corp,2025-13-25
TX5395,1500,Gamma Services,2025-04-13
TX5396,5193.18,Alpha SARL,2025-10-04
TX5397,2000,Beta Corp,2025-01-25
TX5398,390.69,Delta Trading,2025-10-02
TX5399,287.01,Gamma Services,2025-10-08
TX5400,1500,Alpha SARL,2025-04-25
TX5401,1500,Gamma Services,2025-12-11
TX5402,21382.43,Alpha SARL,2025-05-09
TX5403,3652.2,Alpha SARL,2025-12-21
TX5404,9736.53,Epsilon Consulting,2025-09-07
TX5405,3148.98,Beta Corp,2025-07-14
TX5406,584.99,Alpha SARL,2025-12-15
TX5407,14.46,Gamma Services,2025-05-19
TX5408,29.52,Gamma Services,2025-07-22
TX5409,3698.53,Epsilon Consulting,2025-01-10
TX5410,11.24,Beta Corp,2025-09-24
TX5411,9500,Beta Corp,2025-10-20
TX5412,1000,Alpha SARL,2025-11-16
TX5413,500,Gamma Services,2025-05-01
TX5414,27265.8,Delta Trading,2025-07-21
TX5415,42,Delta Trading,2025-03-04
TX5416,777.35,Gamma Services,2025-07-13
TX5417,34400.41,Gamma Services,2025-09-17
TX5418,9282.25,Gamma Services,2025-12-17
TX5419,9764.55,Epsilon Consulting,2025-11-08
TX5420,9000,Epsilon Consulting,2025-06-08
TX5421,2500,Epsilon Consulting,2025-11-02
TX5422,9321.19,Alpha SARL,2025-09-03
TX5423,1500,Delta Trading,2025-02-15
TX5424,88.47,Gamma Services,2025-12-07
TX5425,107.6,Gamma Services,2025-12-13
TX5426,2000,Delta Trading,2025-07-12
TX5427,733.44,Epsilon Consulting,2025-10-10
TX5428,9000,Gamma Services,2025-02-06
TX5429,13162.15,Beta Corp,2025-07-21
TX5430,9227.25,Beta Corp,2025-11-07
TX5431,9500,Gamma Services,2025-13-27
TX5432,1500,Beta Corp,2025-11-20
TX5433,9278.67,Epsilon Consulting,2025-07-20
TX5434,2000,Delta Trading,2025-11-20
TX5435,9000,Alpha SARL,2025-08-27
TX5436,5474.33,Alpha SARL,2025-08-03
TX5437,1000,Beta Corp,2025-13-01
TX5438,1000,Delta Trading,2025-13-02
TX5439,9500,Delta Trading,2025-10-28
TX5440,9845.38,Alpha SARL,2025-02-15
TX5441,14.89,Beta Corp,2025-08-16
TX5442,2500,Gamma Services,2025-01-25
TX5443,9500,Gamma Services,2025-06-23
TX5444,9790.32,Gamma Services,2025-04-08
TX5445,2000,Epsilon Consulting,2025-08-06
TX5446,2500,Epsilon Consulting,2025-07-01
TX5447,5000,Delta Trading,2025-09-04
TX5448,2000,Alpha SARL,2025-01-09
TX5449,500,Delta Trading,2025-05-15
TX5450,500,Beta Corp,2025-11-08
TX5451,4952.22,Alpha SARL,2025-10-18
TX5452,9231.95,Beta Corp,2025-12-22
TX5453,9500,Gamma Services,2025-08-18
TX5454,5140.53,Beta Corp,2025-13-02
TX5455,147.8,Alpha SARL,2025-10-15
TX5456,639.64,Gamma Services,2025-04-19
TX5457,450.28,Alpha SARL,2025-02-22
TX5458,10.18,Beta Corp,2025-02-23
TX5459,1000,Delta Trading,2025-01-10
TX5460,9000,Gamma Services,2025-04-23
TX5461,9051.33,Epsilon Consulting,2025-08-17
TX5462,9973.88,Epsilon Consulting,2025-08-07
TX5463,875.08,Delta Trading,2025-12-21
TX5464,9799.14,Alpha SARL,2025-08-24
TX5465,466.88,Beta Corp,2025-01-03
TX5466,5495.52,Delta Trading,2025-05-27
TX5467,5755.36,Alpha SARL,2025-07-18
TX5468,9000,Gamma Services,2025-13-02
TX5469,28715.89,Delta Trading,2025-03-09
TX5470,5047.77,Gamma Services,2025-04-07
TX5471,66.96,Epsilon Consulting,2025-11-17
TX5472,2782.97,Delta Trading,2025-01-02
TX5473,500,Delta Trading,2025-02-22
TX5474,5000,Beta Corp,2025-09-26
TX5475,5259.14,Epsilon Consulting,2025-08-22
TX5476,2463.56,Gamma Services,2025-12-15
TX5477,178.65,Gamma Services,2025-10-19
TX5478,1000,Alpha SARL,2025-12-03
TX5479,5000,Gamma Services,2025-02-13
TX5480,9863.91,Alpha SARL,2025-11-21
TX5481,1500,Epsilon Consulting,2025-12-24
TX5482,9395.36,Epsilon Consulting,2025-01-24
TX5483,5385.63,Beta Corp,2025-04-05
TX5484,15.51,Alpha SARL,2025-01-19
TX5485,5714.35,Delta Trading,2025-11-09
TX5486,500,Epsilon Consulting,2025-02-18
TX5487,293.6,Beta Corp,2025-07-25
TX5488,2000.72,Alpha SARL,2025-12-26
TX5489,10014.22,Delta Trading,2025-06-12
TX5490,150.05,Gamma Services,2025-05-07
TX5491,5000,Gamma Services,2025-04-09
TX5492,11077.11,Alpha SARL,2025-10-28
TX5493,500,Beta Corp,2025-08-08
TX5494,18.22,Beta Corp,2025-12-05
TX5495,48546.72,Beta Corp,2025-04-08
TX5496,9045.83,Gamma Services,2025-06-07
TX5497,892.23,Gamma Services,2025-03-18
TX5498,7957.13,Gamma Services,2025-01-12
TX5499,1500,Epsilon Consulting,2025-04-20
TX5500,238.19,Gamma Services,2025-11-11
TX5501,104.72,Beta Corp,2025-10-26
TX5502,1478.69,Gamma Services,2025-09-16
TX5503,1003.94,Delta Trading,2025-08-25
TX5504,2691.64,Gamma Services,2025-09-11
TX5505,1000,Alpha SARL,2025-09-17
TX5506,1500,Delta Trading,2025-06-18
TX5507,5192.75,Epsilon Consulting,2025-02-21
TX5508,303.29,Delta Trading,2025-06-16
TX5509,14.92,Delta Trading,2025-12-04
TX5510,686.89,Beta Corp,2025-07-23
TX5511,12151.72,Epsilon Consulting,2025-05-19
TX5512,9500,Epsilon Consulting,2025-03-05
TX5513,5598.22,Delta Trading,2025-07-15
TX5514,267.87,Gamma Services,2025-04-05
TX5515,32354.06,Alpha SARL,2025-07-07
TX5516,2500,Gamma Services,2025-06-01
TX5517,9000,Delta Trading,2025-03-15
TX5518,384.56,Alpha SARL,2025-12-28
TX5519,500,Beta Corp,2025-10-15
TX5520,2500,Alpha SARL,2025-01-25
TX5521,5838.94,Alpha SARL,2025-07-28
TX5522,1500,Epsilon Consulting,2025-05-23
TX5523,55.71,Alpha SARL,2025-03-23
TX5524,21.89,Epsilon Consulting,2025-05-11
TX5525,9562.73,Delta Trading,2025-03-05
TX5526,5000,Alpha SARL,2025-06-14
TX5527,5755.42,Epsilon Consulting,2025-12-02
TX5528,500,Epsilon Consulting,2025-03-17
TX5529,9688.65,Gamma Services,2025-03-09
TX5530,5879.14,Epsilon Consulting,2025-04-27
TX5531,3492.26,Beta Corp,2025-07-11
TX5532,500,Alpha SARL,2025-05-14
TX5533,9332.46,Beta Corp,2025-04-07
TX5534,9831.23,Delta Trading,2025-05-06
TX5535,3870.39,Epsilon Consulting,2025-04-22
TX5536,2500,Alpha SARL,2025-12-12
TX5537,5568.2,Alpha SARL,2025-07-24
TX5538,9500,Alpha SARL,2025-04-07
TX5539,9045.13,Epsilon Consulting,2025-10-19
TX5540,9163.99,Delta Trading,2025-09-23
TX5541,1293.18,Gamma Services,2025-02-12
TX5542,1008.65,Alpha SARL,2025-07-17
TX5543,9699,Delta Trading,2025-05-04
TX5544,5368.78,Beta Corp,2025-06-16
TX5545,1500,Beta Corp,2025-11-04
TX5546,9000,Gamma Services,2025-09-24
TX5547,64.48,Delta Trading,2025-03-23
TX5548,9500,Alpha SARL,2025-10-19
TX5549,5111.34,Alpha SARL,2025-02-24
TX5550,5371.26,Alpha SARL,2025-10-05
TX5551,5805.28,Alpha SARL,2025-05-13
TX5552,2500,Gamma Services,2025-07-16
TX5553,2500,Alpha SARL,2025-12-21
TX5554,2000,Epsilon Consulting,2025-07-13
TX5555,1597.39,Epsilon Consulting,2025-02-27
TX5556,1000,Gamma Services,2025-11-15
TX5557,4253.03,Gamma Services,2025-08-11
TX5558,24.76,Beta Corp,2025-01-24
TX5559,2500,Beta Corp,2025-01-27
TX5560,2859.1,Beta Corp,2025-03-12
TX5561,1000,Gamma Services,2025-04-03
TX5562,1500,Epsilon Consulting,2025-02-10
TX5563,1000,Beta Corp,2025-09-22
TX5564,5787.83,Beta Corp,2025-10-14
TX5565,9823.43,Beta Corp,2025-08-28
TX5566,26007.66,Epsilon Consulting,2025-13-28
TX5567,5000,Beta Corp,2025-02-26
TX5568,2500,Beta Corp,2025-13-25
TX5569,9708.34,Beta Corp,2025-10-26
TX5570,500,Gamma Services,2025-01-24
TX5571,92.75,Epsilon Consulting,2025-01-11
TX5572,33093.32,Epsilon Consulting,2025-11-23
TX5573,2000,Epsilon Consulting,2025-01-17
TX5574,1000,Epsilon Consulting,2025-04-02
TX5575,8749.5,Gamma Services,2025-03-22
TX5576,9891.54,Delta Trading,2025-12-25
TX5577,3905.2,Beta Corp,2025-02-18
TX5578,500,Alpha SARL,2025-08-18
TX5579,1500,Alpha SARL,2025-08-23
TX5580,15988.13,Epsilon Consulting,2025-09-20
TX5581,12.06,Gamma Services,2025-09-04
TX5582,1902.57,Delta Trading,2025-08-22
TX5583,5000,Gamma Services,2025-08-21
TX5584,152.52,Epsilon Consulting,2025-08-27
TX5585,7014.3,Beta Corp,2025-08-08
TX5586,1500,Delta Trading,2025-02-11
TX5587,2500,Delta Trading,2025-10-01
TX5588,25155.79,Delta Trading,2025-12-05
TX5589,500,Delta Trading,2025-04-13
TX5590,1500,Delta Trading,2025-05-15
TX5591,8951.03,Epsilon Consulting,2025-08-25
TX5592,34301.98,Gamma Services,2025-11-28
TX5593,9490.98,Delta Trading,2025-05-09
TX5594,2500,Alpha SARL,2025-09-27
TX5595,1500,Alpha SARL,2025-08-16
TX5596,5000,Gamma Services,2025-06-12
TX5597,140.12,Alpha SARL,2025-09-02
TX5598,500,Alpha SARL,2025-10-02
TX5599,500,Delta Trading,2025-11-25
TX5600,128.9,Beta Corp,2025-03-25
TX5601,5243.04,Gamma Services,2025-01-28
TX5602,38.5,Epsilon Consulting,2025-11-05
TX5603,2536.96,Delta Trading,2025-10-26
TX5604,14479.76,Epsilon Consulting,2025-01-10
TX5605,2000,Delta Trading,2025-08-16
TX5606,5000,Gamma Services,2025-08-20
TX5607,35.43,Epsilon Consulting,2025-12-28
TX5608,9000,Epsilon Consulting,2025-03-27
TX5609,12.31,Alpha SARL,2025-13-28
TX5610,9214.82,Gamma Services,2025-06-14
TX5611,12.98,Beta Corp,2025-04-02
TX5612,9500,Gamma Services,2025-07-16
TX5613,147.3,Beta Corp,2025-01-17
TX5614,500,Epsilon Consulting,2025-04-12
TX5615,5814.15,Alpha SARL,2025-05-09
TX5616,12.65,Gamma Services,2025-09-27
TX5617,9329.51,Delta Trading,2025-13-02
TX5618,1000,Alpha SARL,2025-02-04
TX5619,2500,Beta Corp,2025-08-16
TX5620,175.95,Beta Corp,2025-06-12
TX5621,3629.88,Beta Corp,2025-06-12
TX5622,1000,Beta Corp,2025-03-17
TX5623,24.74,Gamma Services,2025-03-18
TX5624,642.94,Gamma Services,2025-13-01
TX5625,9500,Epsilon Consulting,2025-10-19
TX5626,500,Gamma Services,2025-09-09
TX5627,5608.6,Beta Corp,2025-11-18
TX5628,10.94,Beta Corp,2025-03-04
TX5629,17.44,Gamma Services,2025-11-02
TX5630,9421.08,Delta Trading,2025-02-26
TX5631,989.42,Delta Trading,2025-04-13
TX5632,5203.15,Alpha SARL,2025-11-21
TX5633,9794.59,Epsilon Consulting,2025-12-08
TX5634,32.93,Delta Trading,2025-06-20
TX5635,2000,Beta Corp,2025-08-04
TX5636,9500,Alpha SARL,2025-09-19
TX5637,5000,Epsilon Consulting,2025-10-20
TX5638,4877.89,Delta Trading,2025-02-24
TX5639,44.21,Epsilon Consulting,2025-08-01
TX5640,1000,Epsilon Consulting,2025-07-23
TX5641,2000,Epsilon Consulting,2025-01-21
TX5642,18.67,Epsilon Consulting,2025-09-14
TX5643,5000,Beta Corp,2025-06-01
TX5644,2000,Delta Trading,2025-04-26
TX5645,1421.42,Epsilon Consulting,2025-01-27
TX5646,5877.81,Alpha SARL,2025-09-25
TX5647,446.35,Alpha SARL,2025-03-01
TX5648,9658.49,Gamma Services,2025-12-22
TX5649,990.45,Alpha SARL,2025-02-05
TX5650,9041.7,Epsilon Consulting,2025-12-13
TX5651,155.83,Beta Corp,2025-12-10
TX5652,9225.07,Alpha SARL,2025-05-03
TX5653,5357.6,Beta Corp,2025-02-26
TX5654,2905.99,Alpha SARL,2025-09-10
TX5655,48836.03,Gamma Services,2025-04-13
TX5656,500,Delta Trading,2025-10-10
TX5657,500,Gamma Services,2025-03-22
TX5658,9260.34,Gamma Services,2025-05-15
TX5659,2000,Gamma Services,2025-08-13
TX5660,136.32,Beta Corp,2025-09-10
TX5661,5000,Epsilon Consulting,2025-02-17
TX5662,9330.98,Alpha SARL,2025-03-12
TX5663,2500,Beta Corp,2025-03-17
TX5664,1500,Beta Corp,2025-01-02
TX5665,9713,Epsilon Consulting,2025-06-15
TX5666,500,Alpha SARL,2025-09-09
TX5667,5395.5,Epsilon Consulting,2025-02-19
TX5668,5510.46,Gamma Services,2025-12-10
TX5669,79.77,Beta Corp,2025-10-19
TX5670,5246.54,Delta Trading,2025-09-07
TX5671,9377.11,Delta Trading,2025-11-08
TX5672,61.24,Alpha SARL,2025-01-03
TX5673,5116.01,Epsilon Consulting,2025-04-17
TX5674,9500,Alpha SARL,2025-12-05
TX5675,9000,Delta Trading,2025-08-28
TX5676,5000,Delta Trading,2025-10-26
TX5677,1500,Epsilon Consulting,2025-03-14
TX5678,47.41,Gamma Services,2025-08-28
TX5679,1000,Alpha SARL,2025-08-26
TX5680,180.03,Alpha SARL,2025-10-19
TX5681,37865.53,Gamma Services,2025-02-06
TX5682,5534.89,Beta Corp,2025-06-10
TX5683,5070.94,Delta Trading,2025-03-19
TX5684,539.26,Epsilon Consulting,2025-05-08
TX5685,1000,Beta Corp,2025-08-08
TX5686,5408.21,Delta Trading,2025-05-17
TX5687,9498.57,Beta Corp,2025-07-07
TX5688,58.91,Beta Corp,2025-05-19
TX5689,9569.82,Alpha SARL,2025-12-25
TX5690,3358.12,Alpha SARL,2025-10-28
TX5691,1000,Gamma Services,2025-07-08
TX5692,9500,Epsilon Consulting,2025-02-05
TX5693,500,Delta Trading,2025-09-15
TX5694,30499.25,Beta Corp,2025-07-25
TX5695,500,Gamma Services,2025-01-14
TX5696,9500,Beta Corp,2025-12-21
TX5697,9159.95,Beta Corp,2025-05-05
TX5698,5000,Alpha SARL,2025-12-09
TX5699,170.83,Epsilon Consulting,2025-10-18
TX5700,5082.84,Gamma Services,2025-08-03
TX5701,2000,Delta Trading,2025-06-26
TX5702,5203.56,Epsilon Consulting,2025-02-08
TX5703,9500,Gamma Services,2025-04-21
TX5704,9000,Gamma Services,2025-10-08
TX5705,5000,Alpha SARL,2025-05-22
TX5706,5492.38,Epsilon Consulting,2025-08-10
TX5707,9000,Gamma Services,2025-11-21
TX5708,33108.95,Beta Corp,2025-07-28
TX5709,741.86,Epsilon Consulting,2025-07-13
TX5710,2000,Beta Corp,2025-12-23
TX5711,2500,Delta Trading,2025-11-25
TX5712,9867.79,Delta Trading,2025-11-16
TX5713,500,Alpha SARL,2025-02-23
TX5714,10.89,Gamma Services,2025-07-24
TX5715,9836.09,Gamma Services,2025-04-14
TX5716,9000,Gamma Services,2025-11-04
TX5717,3530.85,Gamma Services,2025-02-01
TX5718,11270.9,Delta Trading,2025-09-20
TX5719,2500,Alpha SARL,2025-03-21
TX5720,1459.75,Alpha SARL,2025-01-26
TX5721,652.32,Gamma Services,2025-08-25
TX5722,10.47,Epsilon Consulting,2025-06-28
TX5723,5491.27,Epsilon Consulting,2025-07-21
TX5724,245.66,Epsilon Consulting,2025-12-15
TX5725,9727.02,Delta Trading,2025-01-25
TX5726,5000,Epsilon Consulting,2025-13-27
TX5727,9081.65,Gamma Services,2025-07-17
TX5728,2500,Alpha SARL,2025-10-09
TX5729,1500,Gamma Services,2025-12-05
TX5730,5127.32,Alpha SARL,2025-06-03
TX5731,3120.92,Epsilon Consulting,2025-03-20
TX5732,27249.75,Alpha SARL,2025-09-11
TX5733,39.79,Delta Trading,2025-07-14
TX5734,262.11,Delta Trading,2025-06-16
TX5735,9212.21,Delta Trading,2025-05-21
TX5736,5000,Delta Trading,2025-09-03
TX5737,9000,Delta Trading,2025-11-09
TX5738,5259.72,Delta Trading,2025-03-09
TX5739,9000,Beta Corp,2025-01-02
TX5740,20.97,Epsilon Consulting,2025-02-05
TX5741,2000,Delta Trading,2025-12-26
TX5742,500,Epsilon Consulting,2025-03-10
TX5743,1949.11,Epsilon Consulting,2025-06-19
TX5744,5000,Epsilon Consulting,2025-06-05
TX5745,500,Epsilon Consulting,2025-07-21
TX5746,15.8,Delta Trading,2025-04-07
TX5747,9000,Alpha SARL,2025-06-13
TX5748,21654.66,Alpha SARL,2025-10-15
TX5749,5787.44,Epsilon Consulting,2025-09-11
TX5750,15.01,Gamma Services,2025-06-05
TX5751,5262.44,Beta Corp,2025-02-05
TX5752,9000,Alpha SARL,2025-11-10
TX5753,209.38,Beta Corp,2025-05-05
TX5754,213.5,Gamma Services,2025-12-02
TX5755,1000,Delta Trading,2025-09-15
TX5756,9451.22,Delta Trading,2025-08-24
TX5757,15.49,Epsilon Consulting,2025-07-19
TX5758,21498.46,Delta Trading,2025-04-27
TX5759,9022.92,Gamma Services,2025-12-05
TX5760,9322.05,Beta Corp,2025-09-03
TX5761,30.26,Delta Trading,2025-06-26
TX5762,159.02,Alpha SARL,2025-08-07
TX5763,1029.31,Epsilon Consulting,2025-02-24
TX5764,17.2,Beta Corp,2025-02-14
TX5765,5560.66,Epsilon Consulting,2025-08-14
TX5766,1500,Alpha SARL,2025-12-08
TX5767,9000,Epsilon Consulting,2025-05-22
TX5768,1500,Alpha SARL,2025-09-12
TX5769,1454.23,Delta Trading,2025-11-22
TX5770,9000,Beta Corp,2025-01-10
TX5771,5405.43,Epsilon Consulting,2025-11-24
TX5772,1840.89,Gamma Services,2025-13-26
TX5773,17393.38,Beta Corp,2025-10-19
TX5774,12.82,Beta Corp,2025-11-06
TX5775,1000,Beta Corp,2025-01-01
TX5776,1488.71,Delta Trading,2025-04-21
TX5777,1000,Gamma Services,2025-07-20
TX5778,2000,Alpha SARL,2025-12-21
TX5779,4435.26,Beta Corp,2025-07-21
TX5780,1500,Gamma Services,2025-09-16
TX5781,5499.32,Alpha SARL,2025-04-15
TX5782,500,Beta Corp,2025-06-03
TX5783,203.93,Gamma Services,2025-02-15
TX5784,515,Delta Trading,2025-02-08
TX5785,9269.48,Delta Trading,2025-01-08
TX5786,5000,Gamma Services,2025-05-07
TX5787,9033.5,Epsilon Consulting,2025-04-23
TX5788,1500,Epsilon Consulting,2025-11-28
TX5789,2000,Beta Corp,2025-11-08
TX5790,1000,Epsilon Consulting,2025-06-07
TX5791,9835.55,Delta Trading,2025-01-24
TX5792,5687.53,Gamma Services,2025-07-09
TX5793,26631.53,Gamma Services,2025-07-08
TX5794,9844.51,Alpha SARL,2025-10-28
TX5795,9742.45,Beta Corp,2025-08-28
TX5796,9350.27,Alpha SARL,2025-11-21
TX5797,52.93,Gamma Services,2025-12-04
TX5798,7144.08,Epsilon Consulting,2025-11-28
TX5799,5000,Gamma Services,2025-08-27
TX5800,9052.82,Alpha SARL,2025-12-09
TX5801,5800.41,Alpha SARL,2025-13-02
TX5802,5000,Beta Corp,2025-02-03
TX5803,5520.16,Alpha SARL,2025-10-07
TX5804,11222.11,Delta Trading,2025-07-21
TX5805,5817.83,Alpha SARL,2025-07-22
TX5806,5504.78,Alpha SARL,2025-07-01
TX5807,140.06,Delta Trading,2025-03-10
TX5808,2500,Alpha SARL,2025-05-14
TX5809,5519.43,Epsilon Consulting,2025-09-18
TX5810,1726.04,Beta Corp,2025-02-07
TX5811,9336.2,Delta Trading,2025-09-18
TX5812,9000,Gamma Services,2025-11-05
TX5813,2000,Beta Corp,2025-06-16
TX5814,5000,Delta Trading,2025-11-27
TX5815,2827.04,Alpha SARL,2025-04-18
TX5816,5036.93,Beta Corp,2025-09-22
TX5817,9014.59,Beta Corp,2025-07-13
TX5818,9517.07,Epsilon Consulting,2025-04-13
TX5819,111.18,Alpha SARL,2025-09-07
TX5820,1500,Gamma Services,2025-09-06
TX5821,5629.65,Gamma Services,2025-06-19
TX5822,2000,Epsilon Consulting,2025-08-04
TX5823,2500,Alpha SARL,2025-07-14
TX5824,9464.87,Beta Corp,2025-10-19
TX5825,12974.76,Alpha SARL,2025-07-03
TX5826,64.46,Epsilon Consulting,2025-02-14
TX5827,9320.73,Gamma Services,2025-08-16
TX5828,2500,Delta Trading,2025-11-10
TX5829,9544.59,Alpha SARL,2025-05-18
TX5830,7721.54,Beta Corp,2025-01-19
TX5831,5293.66,Alpha SARL,2025-07-26
TX5832,18195.31,Gamma Services,2025-03-06
TX5833,500,Delta Trading,2025-12-23
TX5834,9000,Delta Trading,2025-01-10
TX5835,21.22,Delta Trading,2025-01-21
TX5836,21190.32,Delta Trading,2025-05-27
TX5837,28.08,Epsilon Consulting,2025-04-13
TX5838,9000,Alpha SARL,2025-02-28
TX5839,1000,Delta Trading,2025-10-24
TX5840,9000,Alpha SARL,2025-06-25
TX5841,3906.09,Delta Trading,2025-05-10
TX5842,2000,Epsilon Consulting,2025-01-05
TX5843,5534.65,Beta Corp,2025-04-05
TX5844,664.32,Epsilon Consulting,2025-04-13
TX5845,2813.08,Beta Corp,2025-05-01
TX5846,23.43,Gamma Services,2025-01-22
TX5847,5247.91,Beta Corp,2025-01-18
TX5848,9602.4,Beta Corp,2025-09-23
TX5849,5026.3,Gamma Services,2025-05-11
TX5850,9000,Gamma Services,2025-09-17
TX5851,1544.13,Delta Trading,2025-08-01
TX5852,34.77,Gamma Services,2025-09-25
TX5853,9500,Gamma Services,2025-09-26
TX5854,6354.86,Gamma Services,2025-01-16
TX5855,500,Alpha SARL,2025-01-26
TX5856,721.61,Epsilon Consulting,2025-02-28
TX5857,500,Gamma Services,2025-07-15
TX5858,11713.4,Beta Corp,2025-01-07
TX5859,182.57,Delta Trading,2025-11-21
TX5860,45.91,Alpha SARL,2025-08-02
TX5861,11.86,Beta Corp,2025-11-08
TX5862,27610.83,Beta Corp,2025-08-11
TX5863,5526.59,Epsilon Consulting,2025-04-06
TX5864,745.55,Gamma Services,2025-10-09
TX5865,1500,Alpha SARL,2025-05-03
TX5866,5234.32,Delta Trading,2025-01-10
TX5867,9007.82,Epsilon Consulting,2025-07-10
TX5868,500,Delta Trading,2025-03-23
TX5869,2000,Epsilon Consulting,2025-11-21
TX5870,9500,Alpha SARL,2025-03-14
TX5871,236.98,Gamma Services,2025-06-26
TX5872,3414.18,Epsilon Consulting,2025-08-01
TX5873,160.59,Beta Corp,2025-08-16
TX5874,1707.86,Alpha SARL,2025-10-21
TX5875,52.17,Alpha SARL,2025-08-01
TX5876,9500,Epsilon Consulting,2025-08-20
TX5877,9073.57,Gamma Services,2025-02-23
TX5878,65.62,Gamma Services,2025-03-19
TX5879,5000,Delta Trading,2025-11-14
TX5880,1684.64,Alpha SARL,2025-02-24
TX5881,9500,Alpha SARL,2025-12-03
TX5882,13.83,Gamma Services,2025-03-03
TX5883,473.77,Delta Trading,2025-03-06
TX5884,9521.33,Delta Trading,2025-04-07
TX5885,2000,Epsilon Consulting,2025-11-07
TX5886,2407.22,Beta Corp,2025-10-07
TX5887,12301.14,Gamma Services,2025-05-09
TX5888,9000,Delta Trading,2025-08-12
TX5889,1000,Delta Trading,2025-11-28
TX5890,196.23,Delta Trading,2025-01-05
TX5891,19279.02,Epsilon Consulting,2025-12-23
TX5892,13.98,Beta Corp,2025-09-01
TX5893,30051.78,Delta Trading,2025-03-28
TX5894,48.41,Epsilon Consulting,2025-01-16
TX5895,10.39,Alpha SARL,2025-02-04
TX5896,8942.72,Beta Corp,2025-03-06
TX5897,2500,Gamma Services,2025-02-03
TX5898,1000,Alpha SARL,2025-05-05
TX5899,1500,Delta Trading,2025-12-01
TX5900,2500,Epsilon Consulting,2025-01-19
TX5901,2500,Beta Corp,2025-04-10
TX5902,9500,Alpha SARL,2025-12-10
TX5903,9763.34,Alpha SARL,2025-09-25
TX5904,9000,Gamma Services,2025-04-06
TX5905,352.68,Delta Trading,2025-11-17
TX5906,39.32,Alpha SARL,2025-01-03
TX5907,53.6,Beta Corp,2025-02-02
TX5908,1000,Delta Trading,2025-02-21
TX5909,111.38,Delta Trading,2025-13-25
TX5910,9500,Delta Trading,2025-11-11
TX5911,5372.48,Epsilon Consulting,2025-07-20
TX5912,9000,Alpha SARL,2025-02-04
TX5913,5428.56,Gamma Services,2025-05-19
TX5914,9351.71,Delta Trading,2025-02-17
TX5915,82.11,Epsilon Consulting,2025-08-11
TX5916,14.93,Delta Trading,2025-09-21
TX5917,1500,Gamma Services,2025-06-21
TX5918,15.87,Gamma Services,2025-04-15
TX5919,9531.11,Beta Corp,2025-04-14
TX5920,41029.19,Delta Trading,2025-02-13
TX5921,500,Alpha SARL,2025-12-05
TX5922,15121.51,Beta Corp,2025-09-20
TX5923,1500,Delta Trading,2025-12-17
TX5924,9000,Delta Trading,2025-05-20
TX5925,5558,Beta Corp,2025-05-14
TX5926,1500,Delta Trading,2025-11-22
TX5927,58.11,Delta Trading,2025-08-04
TX5928,2000,Epsilon Consulting,2025-05-12
TX5929,5000,Beta Corp,2025-06-11
TX5930,9287.39,Beta Corp,2025-12-24
TX5931,9068,Delta Trading,2025-02-27
TX5932,10123.43,Alpha SARL,2025-03-02
TX5933,41.27,Alpha SARL,2025-12-09
TX5934,73.71,Epsilon Consulting,2025-12-21
TX5935,5112.35,Delta Trading,2025-07-13
TX5936,2139.25,Gamma Services,2025-04-08
TX5937,5580.27,Beta Corp,2025-01-20
TX5938,9500,Gamma Services,2025-11-08
TX5939,5310.17,Beta Corp,2025-07-05
TX5940,5815.32,Beta Corp,2025-01-03
TX5941,5046.19,Gamma Services,2025-07-02
TX5942,5747.76,Beta Corp,2025-12-16
TX5943,2500,Alpha SARL,2025-13-02
TX5944,15.45,Beta Corp,2025-11-07
TX5945,5000,Gamma Services,2025-03-06
TX5946,1000,Delta Trading,2025-05-18
TX5947,9369.07,Beta Corp,2025-07-06
TX5948,500,Delta Trading,2025-01-16
TX5949,9000,Epsilon Consulting,2025-01-25
TX5950,5000,Alpha SARL,2025-03-07
TX5951,500,Gamma Services,2025-05-19
TX5952,9869.91,Gamma Services,2025-12-17
TX5953,1000,Beta Corp,2025-09-03
TX5954,9500,Gamma Services,2025-03-05
TX5955,500,Gamma Services,2025-06-12
TX5956,1500,Epsilon Consulting,2025-02-25
TX5957,4589.45,Delta Trading,2025-07-25
TX5958,2500,Alpha SARL,2025-10-06
TX5959,2500,Alpha SARL,2025-03-12
TX5960,5000,Alpha SARL,2025-02-13
TX5961,17.31,Beta Corp,2025-11-03
TX5962,500,Epsilon Consulting,2025-06-15
TX5963,1108.28,Gamma Services,2025-01-16
TX5964,9323.62,Epsilon Consulting,2025-01-21
TX5965,184.44,Beta Corp,2025-08-06
TX5966,40.18,Delta Trading,2025-06-27
TX5967,588.04,Epsilon Consulting,2025-11-20
TX5968,1500,Gamma Services,2025-02-05
TX5969,9000,Epsilon Consulting,2025-08-27
TX5970,1128.67,Beta Corp,2025-10-25
TX5971,9821.9,Beta Corp,2025-04-06
TX5972,9500,Gamma Services,2025-03-07
TX5973,9440.1,Gamma Services,2025-06-05
TX5974,5536.46,Delta Trading,2025-04-01
TX5975,9340.35,Epsilon Consulting,2025-03-26
TX5976,5000,Delta Trading,2025-09-16
TX5977,9005.27,Beta Corp,2025-03-14
TX5978,1611.6,Delta Trading,2025-07-13
TX5979,24.73,Beta Corp,2025-05-02
TX5980,9000,Epsilon Consulting,2025-04-28
TX5981,2500,Gamma Services,2025-10-28
TX5982,9781.02,Epsilon Consulting,2025-06-22
TX5983,1500,Beta Corp,2025-07-01
TX5984,18.77,Beta Corp,2025-07-05
TX5985,2236.18,Beta Corp,2025-03-16
TX5986,2000,Alpha SARL,2025-05-21
TX5987,2000,Beta Corp,2025-02-03
TX5988,9000,Gamma Services,2025-05-20
TX5989,17.1,Delta Trading,2025-02-23
TX5990,16.92,Beta Corp,2025-07-14
TX5991,9500,Delta Trading,2025-04-03
TX5992,134.21,Gamma Services,2025-08-09
TX5993,2000,Alpha SARL,2025-12-05
TX5994,1467.84,Delta Trading,2025-07-21
TX5995,935.78,Beta Corp,2025-06-08
TX5996,9500,Epsilon Consulting,2025-01-27
TX5997,5777.96,Epsilon Consulting,2025-12-25
TX5998,258.05,Gamma Services,2025-06-25
TX5999,1500,Epsilon Consulting,2025-03-18
TX6000,5845.28,Epsilon Consulting,2025-04-08
TX6001,11179.68,Beta Corp,2025-11-16
TX6002,274.48,Epsilon Consulting,2025-11-01
TX6003,2000,Epsilon Consulting,2025-06-08
TX6004,9099.25,Epsilon Consulting,2025-03-05
TX6005,9888.34,Gamma Services,2025-03-02
TX6006,500,Alpha SARL,2025-02-11
TX6007,105.18,Beta Corp,2025-12-19
TX6008,38775.74,Delta Trading,2025-08-06
TX6009,764.61,Beta Corp,2025-05-25
TX6010,5234.49,Delta Trading,2025-09-04
TX6011,5583.36,Beta Corp,2025-07-06
TX6012,6583.95,Epsilon Consulting,2025-05-08
TX6013,297.69,Alpha SARL,2025-01-03
TX6014,9500,Beta Corp,2025-06-22
TX6015,8964.42,Gamma Services,2025-07-02
TX6016,2853.95,Beta Corp,2025-10-11
TX6017,9134.67,Delta Trading,2025-12-10
TX6018,1500,Alpha SARL,2025-12-02
TX6019,26274.37,Beta Corp,2025-08-01
TX6020,9208.6,Gamma Services,2025-10-26
TX6021,604.59,Beta Corp,2025-08-13
TX6022,16793.15,Beta Corp,2025-05-04
TX6023,500,Delta Trading,2025-08-11
TX6024,511.45,Gamma Services,2025-04-23
TX6025,43828.94,Epsilon Consulting,2025-10-18
TX6026,11707.97,Beta Corp,2025-06-05
TX6027,234.9,Beta Corp,2025-02-05
TX6028,6576.83,Beta Corp,2025-03-27
TX6029,5324.73,Delta Trading,2025-06-06
TX6030,790.33,Epsilon Consulting,2025-09-19
TX6031,5194.22,Beta Corp,2025-05-13
TX6032,58.36,Gamma Services,2025-05-12
TX6033,9500,Alpha SARL,2025-11-08
TX6034,197.33,Beta Corp,2025-09-15
TX6035,115.81,Beta Corp,2025-02-19
TX6036,17.66,Epsilon Consulting,2025-04-23
TX6037,5000,Epsilon Consulting,2025-08-28
TX6038,5000,Epsilon Consulting,2025-09-18
TX6039,8225.13,Epsilon Consulting,2025-01-20
TX6040,2500,Delta Trading,2025-02-04
TX6041,21.38,Gamma Services,2025-08-19
TX6042,956.21,Alpha SARL,2025-11-22
TX6043,462.04,Epsilon Consulting,2025-06-27
TX6044,1500,Alpha SARL,2025-06-23
TX6045,2000,Beta Corp,2025-01-06
TX6046,2500,Gamma Services,2025-11-05
TX6047,1577.66,Alpha SARL,2025-11-10
TX6048,5272.65,Beta Corp,2025-01-12
TX6049,5000,Delta Trading,2025-10-26
TX6050,2000,Epsilon Consulting,2025-04-01
TX6051,254.54,Delta Trading,2025-07-04
TX6052,9500,Beta Corp,2025-12-05
TX6053,500,Delta Trading,2025-10-28
TX6054,2084.24,Alpha SARL,2025-11-22
TX6055,20.03,Epsilon Consulting,2025-01-18
TX6056,2500,Epsilon Consulting,2025-10-04
TX6057,1516.39,Alpha SARL,2025-01-06
TX6058,500,Alpha SARL,2025-03-03
TX6059,1000,Epsilon Consulting,2025-09-04
TX6060,9000,Epsilon Consulting,2025-04-07
TX6061,500,Beta Corp,2025-09-08
TX6062,17.23,Gamma Services,2025-11-02
TX6063,500,Beta Corp,2025-02-04
TX6064,9264.28,Alpha SARL,2025-11-25
TX6065,12.55,Epsilon Consulting,2025-06-11
TX6066,1000,Beta Corp,2025-11-13
TX6067,81.14,Alpha SARL,2025-05-13
TX6068,9500,Alpha SARL,2025-09-14
TX6069,9500,Delta Trading,2025-03-05
TX6070,31663.7,Epsilon Consulting,2025-10-06
TX6071,13.45,Epsilon Consulting,2025-02-25
TX6072,822.52,Epsilon Consulting,2025-03-05
TX6073,5428.31,Beta Corp,2025-10-10
TX6074,2500,Beta Corp,2025-05-15
TX6075,1000,Beta Corp,2025-11-09
TX6076,436.11,Gamma Services,2025-02-03
TX6077,4558.52,Gamma Services,2025-01-02
TX6078,364.67,Alpha SARL,2025-07-24
TX6079,2500,Delta Trading,2025-10-21
TX6080,1000,Beta Corp,2025-08-21
TX6081,9500,Gamma Services,2025-08-23
TX6082,27.15,Alpha SARL,2025-10-26
TX6083,28.8,Beta Corp,2025-07-17
TX6084,3615.37,Beta Corp,2025-01-05
TX6085,86.6,Beta Corp,2025-03-20
TX6086,9236.16,Delta Trading,2025-03-10
TX6087,11.14,Beta Corp,2025-08-18
TX6088,2500,Delta Trading,2025-05-05
TX6089,5000,Beta Corp,2025-11-11
TX6090,459.23,Beta Corp,2025-11-18
TX6091,500,Beta Corp,2025-08-26
TX6092,9000,Alpha SARL,2025-02-25
TX6093,9161.54,Epsilon Consulting,2025-04-02
TX6094,1500,Delta Trading,2025-04-07
TX6095,244.49,Epsilon Consulting,2025-08-12
TX6096,5888.97,Gamma Services,2025-12-05
TX6097,35335.29,Alpha SARL,2025-01-26
TX6098,5397.21,Delta Trading,2025-03-06
TX6099,10070.44,Epsilon Consulting,2025-11-07
TX6100,500,Epsilon Consulting,2025-11-12
TX6101,294.79,Alpha SARL,2025-06-12
TX6102,14767.12,Epsilon Consulting,2025-05-07
TX6103,9594.79,Epsilon Consulting,2025-09-26
TX6104,2953.46,Delta Trading,2025-01-11
TX6105,12.85,Epsilon Consulting,2025-09-10
TX6106,5493.53,Epsilon Consulting,2025-09-24
TX6107,2500,Beta Corp,2025-09-12
TX6108,29.43,Gamma Services,2025-08-24
TX6109,5872.38,Epsilon Consulting,2025-08-05
TX6110,104.66,Beta Corp,2025-01-18
TX6111,5702.8,Delta Trading,2025-05-17
TX6112,2110.42,Alpha SARL,2025-01-02
TX6113,610.18,Delta Trading,2025-05-21
TX6114,1527,Gamma Services,2025-02-27
TX6115,218.89,Epsilon Consulting,2025-08-22
TX6116,590.78,Epsilon Consulting,2025-10-12
TX6117,5317.24,Gamma Services,2025-07-07
TX6118,833.44,Alpha SARL,2025-06-02
TX6119,5103.48,Epsilon Consulting,2025-02-21
TX6120,884.03,Beta Corp,2025-03-23
TX6121,32.15,Gamma Services,2025-10-22
TX6122,9208.46,Alpha SARL,2025-12-25
TX6123,5580.72,Epsilon Consulting,2025-13-26
TX6124,2500,Alpha SARL,2025-02-04
TX6125,3408.09,Beta Corp,2025-05-20
TX6126,23.96,Alpha SARL,2025-03-11
TX6127,9123.19,Gamma Services,2025-04-05
TX6128,9285.97,Epsilon Consulting,2025-11-24
TX6129,9500,Alpha SARL,2025-03-21
TX6130,5644.04,Epsilon Consulting,2025-01-27
TX6131,1000,Alpha SARL,2025-02-05
TX6132,1500,Gamma Services,2025-04-07
TX6133,194.66,Epsilon Consulting,2025-02-02
TX6134,161.51,Gamma Services,2025-01-04
TX6135,2500,Beta Corp,2025-12-11
TX6136,5407.03,Beta Corp,2025-04-14
TX6137,5000,Gamma Services,2025-06-11
TX6138,232.83,Delta Trading,2025-11-23
TX6139,1000,Delta Trading,2025-07-20
TX6140,5579.61,Gamma Services,2025-07-18
TX6141,5801.4,Gamma Services,2025-05-09
TX6142,11125.47,Epsilon Consulting,2025-10-06
TX6143,5208.46,Beta Corp,2025-12-08
TX6144,9500,Beta Corp,2025-06-13
TX6145,9881.75,Beta Corp,2025-11-17
TX6146,9500,Beta Corp,2025-01-12
TX6147,893.25,Beta Corp,2025-10-09
TX6148,9500,Alpha SARL,2025-09-06
TX6149,5000,Delta Trading,2025-04-27
TX6150,2197.05,Epsilon Consulting,2025-08-15
TX6151,1500,Epsilon Consulting,2025-11-12
TX6152,1000,Alpha SARL,2025-06-08
TX6153,50.31,Alpha SARL,2025-02-07
TX6154,23,Epsilon Consulting,2025-08-13
TX6155,3534.07,Delta Trading,2025-12-27
TX6156,794.92,Delta Trading,2025-08-19
TX6157,253.56,Beta Corp,2025-07-10
TX6158,434.04,Beta Corp,2025-04-09
TX6159,5431.25,Gamma Services,2025-10-18
TX6160,5000,Epsilon Consulting,2025-11-09
TX6161,310.15,Alpha SARL,2025-06-03
TX6162,1000,Gamma Services,2025-11-10
TX6163,18.71,Delta Trading,2025-11-13
TX6164,1000,Beta Corp,2025-03-03
TX6165,1213.5,Delta Trading,2025-10-15
TX6166,9000,Delta Trading,2025-09-20
TX6167,5662.17,Gamma Services,2025-04-07
TX6168,45479.02,Delta Trading,2025-05-24
TX6169,39.59,Delta Trading,2025-02-17
TX6170,1723.86,Delta Trading,2025-01-24
TX6171,9155.14,Epsilon Consulting,2025-09-12
TX6172,258.41,Epsilon Consulting,2025-09-15
TX6173,5000,Alpha SARL,2025-02-13
TX6174,1500,Alpha SARL,2025-08-21
TX6175,2000,Gamma Services,2025-09-14
TX6176,5817.82,Beta Corp,2025-09-16
TX6177,9000,Epsilon Consulting,2025-09-03
TX6178,5686.63,Gamma Services,2025-03-13
TX6179,5302.38,Epsilon Consulting,2025-12-24
TX6180,13.86,Gamma Services,2025-01-13
TX6181,5000,Alpha SARL,2025-10-04
TX6182,1500,Alpha SARL,2025-11-04
TX6183,18.59,Epsilon Consulting,2025-07-02
TX6184,9000,Gamma Services,2025-12-01
TX6185,1000,Beta Corp,2025-04-12
TX6186,1500,Alpha SARL,2025-02-23
TX6187,5403.81,Beta Corp,2025-07-08
TX6188,9000,Delta Trading,2025-09-26
TX6189,9591.03,Delta Trading,2025-05-20
TX6190,9500,Gamma Services,2025-06-07
TX6191,55.84,Gamma Services,2025-05-06
TX6192,1500,Beta Corp,2025-04-24
TX6193,9622.03,Alpha SARL,2025-08-25
TX6194,2000,Beta Corp,2025-12-08
TX6195,5551.72,Alpha SARL,2025-01-01
TX6196,500,Gamma Services,2025-02-07
TX6197,9108.7,Beta Corp,2025-05-11
TX6198,1500,Gamma Services,2025-01-12
TX6199,1000,Gamma Services,2025-12-23